Ticks,Tourists,color
0,0,0
1,17,0
2,17,0
3,17,0
4,17,0
5,17,0
6,17,0
7,17,0
8,17,0
9,17,0
10,17,0
11,17,0
12,17,0
13,17,0
14,17,0
15,17,0
16,17,0
17,17,0
18,17,0
19,17,0
20,17,0
21,17,0
22,17,0
23,17,0
24,17,0
25,17,0
26,17,0
27,17,0
28,17,0
29,17,0
30,17,0
31,17,0
32,17,0
33,17,0
34,17,0
35,17,0
36,17,0
37,17,0
38,17,0
39,17,0
40,17,0
41,17,0
42,17,0
43,17,0
44,17,0
45,17,0
46,17,0
47,17,0
48,17,0
49,17,0
50,17,0
51,17,0
52,17,0
53,17,0
54,17,0
55,17,0
56,17,0
57,17,0
58,17,0
59,17,0
60,17,0
61,17,0
62,17,0
63,17,0
64,17,0
65,17,0
66,17,0
67,17,0
68,17,0
69,17,0
70,17,0
71,17,0
72,17,0
73,17,0
74,17,0
75,17,0
76,17,0
77,17,0
78,17,0
79,17,0
80,17,0
81,17,0
82,17,0
83,17,0
84,17,0
85,17,0
86,17,0
87,17,0
88,17,0
89,17,0
90,17,0
91,17,0
92,17,0
93,17,0
94,17,0
95,17,0
96,17,0
97,17,0
98,17,0
99,17,0
100,17,0
101,17,0
102,17,0
103,17,0
104,17,0
105,17,0
106,17,0
107,17,0
108,17,0
109,17,0
110,17,0
111,17,0
112,17,0
113,17,0
114,17,0
115,17,0
116,17,0
117,17,0
118,17,0
119,17,0
120,17,0
121,17,0
122,17,0
123,17,0
124,17,0
125,17,0
126,17,0
127,17,0
128,17,0
129,17,0
130,17,0
131,17,0
132,17,0
133,17,0
134,17,0
135,17,0
136,17,0
137,17,0
138,17,0
139,17,0
140,17,0
141,17,0
142,17,0
143,17,0
144,17,0
145,17,0
146,17,0
147,17,0
148,17,0
149,17,0
150,17,0
151,17,0
152,17,0
153,17,0
154,17,0
155,17,0
156,17,0
157,17,0
158,17,0
159,17,0
160,17,0
161,17,0
162,17,0
163,17,0
164,17,0
165,17,0
166,17,0
167,17,0
168,17,0
169,17,0
170,17,0
171,17,0
172,17,0
173,17,0
174,17,0
175,17,0
176,17,0
177,17,0
178,17,0
179,17,0
180,17,0
181,17,0
182,17,0
183,17,0
184,17,0
185,17,0
186,17,0
187,17,0
188,17,0
189,17,0
190,17,0
191,17,0
192,17,0
193,17,0
194,17,0
195,17,0
196,17,0
197,17,0
198,17,0
199,17,0
200,17,0
201,17,0
202,17,0
203,17,0
204,17,0
205,17,0
206,17,0
207,17,0
208,17,0
209,17,0
210,17,0
211,17,0
212,17,0
213,17,0
214,17,0
215,17,0
216,17,0
217,17,0
218,17,0
219,17,0
220,17,0
221,17,0
222,17,0
223,17,0
224,17,0
225,17,0
226,17,0
227,17,0
228,17,0
229,17,0
230,17,0
231,17,0
232,17,0
233,17,0
234,17,0
235,17,0
236,17,0
237,17,0
238,17,0
239,17,0
240,17,0
241,17,0
242,17,0
243,17,0
244,17,0
245,17,0
246,17,0
247,17,0
248,17,0
249,17,0
250,17,0
251,17,0
252,17,0
253,17,0
254,17,0
255,17,0
256,17,0
257,17,0
258,17,0
259,17,0
260,17,0
261,17,0
262,17,0
263,17,0
264,17,0
265,17,0
266,17,0
267,17,0
268,17,0
269,17,0
270,17,0
271,17,0
272,17,0
273,17,0
274,17,0
275,17,0
276,17,0
277,17,0
278,17,0
279,17,0
280,17,0
281,17,0
282,17,0
283,17,0
284,17,0
285,17,0
286,17,0
287,17,0
288,17,0
289,17,0
290,17,0
291,17,0
292,17,0
293,17,0
294,17,0
295,17,0
296,17,0
297,17,0
298,17,0
299,17,0
300,17,0
301,17,0
302,17,0
303,17,0
304,17,0
305,17,0
306,17,0
307,17,0
308,17,0
309,17,0
310,17,0
311,17,0
312,17,0
313,17,0
314,17,0
315,17,0
316,17,0
317,17,0
318,17,0
319,17,0
320,17,0
321,17,0
322,17,0
323,17,0
324,17,0
325,17,0
326,17,0
327,17,0
328,17,0
329,17,0
330,17,0
331,17,0
332,17,0
333,17,0
334,17,0
335,17,0
336,17,0
337,17,0
338,17,0
339,17,0
340,17,0
341,17,0
342,17,0
343,17,0
344,17,0
345,17,0
346,17,0
347,17,0
348,17,0
349,17,0
350,17,0
351,34,0
352,34,0
353,34,0
354,34,0
355,34,0
356,34,0
357,34,0
358,34,0
359,34,0
360,34,0
361,34,0
362,34,0
363,34,0
364,34,0
365,34,0
366,34,0
367,34,0
368,34,0
369,34,0
370,34,0
371,34,0
372,34,0
373,34,0
374,34,0
375,34,0
376,34,0
377,34,0
378,34,0
379,33,0
380,33,0
381,33,0
382,32,0
383,31,0
384,31,0
385,31,0
386,31,0
387,31,0
388,31,0
389,31,0
390,31,0
391,31,0
392,31,0
393,31,0
394,31,0
395,31,0
396,31,0
397,31,0
398,31,0
399,31,0
400,31,0
401,44,0
402,44,0
403,43,0
404,42,0
405,42,0
406,42,0
407,42,0
408,42,0
409,42,0
410,42,0
411,42,0
412,42,0
413,42,0
414,42,0
415,42,0
416,42,0
417,42,0
418,41,0
419,41,0
420,41,0
421,41,0
422,40,0
423,40,0
424,40,0
425,40,0
426,40,0
427,40,0
428,40,0
429,40,0
430,40,0
431,40,0
432,40,0
433,40,0
434,40,0
435,40,0
436,40,0
437,40,0
438,39,0
439,39,0
440,39,0
441,39,0
442,39,0
443,39,0
444,39,0
445,39,0
446,39,0
447,39,0
448,39,0
449,39,0
450,39,0
451,62,0
452,61,0
453,61,0
454,61,0
455,61,0
456,61,0
457,61,0
458,61,0
459,61,0
460,60,0
461,60,0
462,60,0
463,59,0
464,59,0
465,58,0
466,58,0
467,58,0
468,57,0
469,57,0
470,57,0
471,57,0
472,57,0
473,57,0
474,57,0
475,56,0
476,56,0
477,56,0
478,56,0
479,56,0
480,56,0
481,56,0
482,55,0
483,55,0
484,55,0
485,55,0
486,55,0
487,55,0
488,55,0
489,55,0
490,55,0
491,54,0
492,53,0
493,53,0
494,53,0
495,53,0
496,53,0
497,53,0
498,52,0
499,52,0
500,52,0
501,70,0
502,70,0
503,70,0
504,70,0
505,70,0
506,70,0
507,70,0
508,70,0
509,70,0
510,70,0
511,69,0
512,69,0
513,68,0
514,68,0
515,68,0
516,68,0
517,68,0
518,68,0
519,68,0
520,68,0
521,68,0
522,67,0
523,66,0
524,66,0
525,66,0
526,65,0
527,65,0
528,64,0
529,64,0
530,64,0
531,64,0
532,64,0
533,64,0
534,64,0
535,64,0
536,64,0
537,64,0
538,64,0
539,64,0
540,64,0
541,64,0
542,64,0
543,64,0
544,64,0
545,64,0
546,64,0
547,63,0
548,63,0
549,63,0
550,63,0
551,85,0
552,85,0
553,85,0
554,85,0
555,85,0
556,85,0
557,85,0
558,85,0
559,84,0
560,84,0
561,84,0
562,84,0
563,83,0
564,83,0
565,83,0
566,83,0
567,82,0
568,82,0
569,82,0
570,82,0
571,82,0
572,82,0
573,82,0
574,82,0
575,82,0
576,82,0
577,82,0
578,82,0
579,82,0
580,81,0
581,80,0
582,80,0
583,80,0
584,80,0
585,80,0
586,80,0
587,79,0
588,78,0
589,78,0
590,78,0
591,78,0
592,78,0
593,77,0
594,77,0
595,77,0
596,77,0
597,77,0
598,76,0
599,76,0
600,75,0
601,92,0
602,91,0
603,91,0
604,90,0
605,90,0
606,90,0
607,90,0
608,90,0
609,90,0
610,89,0
611,89,0
612,89,0
613,89,0
614,89,0
615,89,0
616,89,0
617,89,0
618,88,0
619,88,0
620,87,0
621,87,0
622,87,0
623,87,0
624,87,0
625,87,0
626,87,0
627,87,0
628,87,0
629,87,0
630,87,0
631,87,0
632,87,0
633,87,0
634,87,0
635,87,0
636,87,0
637,87,0
638,87,0
639,87,0
640,87,0
641,87,0
642,87,0
643,87,0
644,87,0
645,87,0
646,87,0
647,87,0
648,87,0
649,87,0
650,87,0
651,104,0
652,104,0
653,104,0
654,104,0
655,104,0
656,103,0
657,103,0
658,103,0
659,103,0
660,103,0
661,103,0
662,103,0
663,102,0
664,102,0
665,102,0
666,101,0
667,101,0
668,101,0
669,101,0
670,101,0
671,101,0
672,101,0
673,101,0
674,101,0
675,101,0
676,101,0
677,101,0
678,101,0
679,101,0
680,101,0
681,101,0
682,101,0
683,101,0
684,101,0
685,101,0
686,101,0
687,101,0
688,101,0
689,101,0
690,101,0
691,101,0
692,101,0
693,101,0
694,101,0
695,100,0
696,100,0
697,100,0
698,100,0
699,100,0
700,100,0
701,116,0
702,116,0
703,116,0
704,116,0
705,116,0
706,116,0
707,116,0
708,116,0
709,116,0
710,116,0
711,116,0
712,116,0
713,116,0
714,116,0
715,116,0
716,116,0
717,115,0
718,115,0
719,115,0
720,115,0
721,115,0
722,115,0
723,115,0
724,114,0
725,114,0
726,114,0
727,114,0
728,114,0
729,112,0
730,112,0
731,112,0
732,112,0
733,112,0
734,112,0
735,112,0
736,112,0
737,112,0
738,112,0
739,112,0
740,112,0
741,112,0
742,112,0
743,112,0
744,112,0
745,112,0
746,112,0
747,112,0
748,112,0
749,112,0
750,112,0
751,134,0
752,134,0
753,134,0
754,134,0
755,134,0
756,134,0
757,134,0
758,134,0
759,134,0
760,134,0
761,134,0
762,134,0
763,134,0
764,134,0
765,134,0
766,134,0
767,134,0
768,133,0
769,132,0
770,132,0
771,131,0
772,131,0
773,131,0
774,130,0
775,130,0
776,130,0
777,130,0
778,129,0
779,129,0
780,129,0
781,129,0
782,129,0
783,129,0
784,129,0
785,129,0
786,129,0
787,129,0
788,129,0
789,129,0
790,129,0
791,129,0
792,129,0
793,129,0
794,129,0
795,129,0
796,129,0
797,129,0
798,128,0
799,128,0
800,128,0
801,146,0
802,145,0
803,145,0
804,145,0
805,144,0
806,144,0
807,144,0
808,144,0
809,144,0
810,144,0
811,144,0
812,143,0
813,143,0
814,143,0
815,143,0
816,142,0
817,141,0
818,141,0
819,141,0
820,141,0
821,141,0
822,141,0
823,141,0
824,141,0
825,141,0
826,141,0
827,141,0
828,141,0
829,141,0
830,141,0
831,140,0
832,140,0
833,140,0
834,140,0
835,140,0
836,140,0
837,140,0
838,140,0
839,140,0
840,139,0
841,139,0
842,139,0
843,139,0
844,139,0
845,139,0
846,139,0
847,139,0
848,139,0
849,139,0
850,139,0
851,155,0
852,155,0
853,155,0
854,154,0
855,154,0
856,154,0
857,154,0
858,154,0
859,154,0
860,153,0
861,153,0
862,153,0
863,152,0
864,152,0
865,152,0
866,152,0
867,152,0
868,152,0
869,152,0
870,152,0
871,152,0
872,152,0
873,152,0
874,152,0
875,152,0
876,152,0
877,151,0
878,151,0
879,151,0
880,151,0
881,151,0
882,151,0
883,150,0
884,150,0
885,150,0
886,150,0
887,150,0
888,149,0
889,149,0
890,149,0
891,147,0
892,147,0
893,147,0
894,147,0
895,147,0
896,147,0
897,147,0
898,147,0
899,147,0
900,147,0
901,169,0
902,169,0
903,169,0
904,169,0
905,169,0
906,169,0
907,169,0
908,168,0
909,168,0
910,166,0
911,166,0
912,166,0
913,166,0
914,166,0
915,166,0
916,166,0
917,164,0
918,164,0
919,163,0
920,163,0
921,163,0
922,162,0
923,162,0
924,162,0
925,162,0
926,162,0
927,161,0
928,161,0
929,161,0
930,159,0
931,158,0
932,158,0
933,158,0
934,157,0
935,157,0
936,157,0
937,157,0
938,157,0
939,157,0
940,157,0
941,157,0
942,157,0
943,156,0
944,156,0
945,156,0
946,156,0
947,156,0
948,156,0
949,156,0
950,156,0
951,178,0
952,178,0
953,178,0
954,178,0
955,178,0
956,178,0
957,178,0
958,177,0
959,177,0
960,177,0
961,177,0
962,177,0
963,177,0
964,177,0
965,177,0
966,177,0
967,177,0
968,176,0
969,176,0
970,176,0
971,176,0
972,176,0
973,176,0
974,176,0
975,176,0
976,176,0
977,176,0
978,175,0
979,175,0
980,175,0
981,175,0
982,175,0
983,175,0
984,174,0
985,174,0
986,174,0
987,174,0
988,174,0
989,174,0
990,174,0
991,174,0
992,174,0
993,173,0
994,172,0
995,172,0
996,172,0
997,171,0
998,171,0
999,171,0
1000,171,0
1001,195,0
1002,195,0
1003,195,0
1004,194,0
1005,194,0
1006,194,0
1007,194,0
1008,194,0
1009,194,0
1010,194,0
1011,194,0
1012,194,0
1013,194,0
1014,194,0
1015,193,0
1016,191,0
1017,190,0
1018,190,0
1019,190,0
1020,190,0
1021,190,0
1022,189,0
1023,188,0
1024,187,0
1025,187,0
1026,187,0
1027,187,0
1028,187,0
1029,187,0
1030,187,0
1031,187,0
1032,187,0
1033,187,0
1034,186,0
1035,186,0
1036,186,0
1037,185,0
1038,185,0
1039,185,0
1040,185,0
1041,185,0
1042,185,0
1043,185,0
1044,185,0
1045,185,0
1046,185,0
1047,185,0
1048,185,0
1049,184,0
1050,184,0
1051,201,0
1052,201,0
1053,201,0
1054,200,0
1055,200,0
1056,200,0
1057,199,0
1058,199,0
1059,199,0
1060,199,0
1061,199,0
1062,199,0
1063,199,0
1064,199,0
1065,199,0
1066,199,0
1067,199,0
1068,199,0
1069,199,0
1070,199,0
1071,199,0
1072,199,0
1073,198,0
1074,197,0
1075,197,0
1076,197,0
1077,197,0
1078,197,0
1079,197,0
1080,196,0
1081,196,0
1082,195,0
1083,195,0
1084,195,0
1085,195,0
1086,195,0
1087,195,0
1088,194,0
1089,194,0
1090,194,0
1091,194,0
1092,193,0
1093,193,0
1094,193,0
1095,192,0
1096,192,0
1097,192,0
1098,192,0
1099,191,0
1100,191,0
1101,189,0
1102,189,0
1103,189,0
1104,189,0
1105,189,0
1106,189,0
1107,189,0
1108,189,0
1109,189,0
1110,189,0
1111,189,0
1112,188,0
1113,188,0
1114,188,0
1115,188,0
1116,188,0
1117,188,0
1118,187,0
1119,187,0
1120,187,0
1121,187,0
1122,187,0
1123,187,0
1124,187,0
1125,187,0
1126,186,0
1127,186,0
1128,186,0
1129,186,0
1130,186,0
1131,186,0
1132,186,0
1133,186,0
1134,186,0
1135,186,0
1136,186,0
1137,186,0
1138,186,0
1139,186,0
1140,185,0
1141,185,0
1142,185,0
1143,185,0
1144,185,0
1145,185,0
1146,185,0
1147,185,0
1148,185,0
1149,185,0
1150,185,0
1151,185,0
1152,185,0
1153,185,0
1154,185,0
1155,185,0
1156,185,0
1157,185,0
1158,185,0
1159,185,0
1160,185,0
1161,185,0
1162,185,0
1163,185,0
1164,185,0
1165,184,0
1166,184,0
1167,183,0
1168,183,0
1169,183,0
1170,183,0
1171,183,0
1172,183,0
1173,183,0
1174,183,0
1175,183,0
1176,183,0
1177,183,0
1178,183,0
1179,183,0
1180,183,0
1181,183,0
1182,183,0
1183,183,0
1184,183,0
1185,183,0
1186,183,0
1187,183,0
1188,183,0
1189,183,0
1190,183,0
1191,183,0
1192,183,0
1193,183,0
1194,183,0
1195,183,0
1196,183,0
1197,183,0
1198,183,0
1199,183,0
1200,183,0
1201,183,0
1202,182,0
1203,182,0
1204,182,0
1205,182,0
1206,182,0
1207,182,0
1208,182,0
1209,182,0
1210,182,0
1211,182,0
1212,182,0
1213,182,0
1214,182,0
1215,182,0
1216,182,0
1217,182,0
1218,182,0
1219,182,0
1220,182,0
1221,182,0
1222,182,0
1223,182,0
1224,182,0
1225,182,0
1226,182,0
1227,182,0
1228,182,0
1229,182,0
1230,182,0
1231,182,0
1232,182,0
1233,182,0
1234,182,0
1235,182,0
1236,182,0
1237,182,0
1238,182,0
1239,182,0
1240,182,0
1241,182,0
1242,182,0
1243,182,0
1244,182,0
1245,182,0
1246,182,0
1247,182,0
1248,182,0
1249,182,0
1250,182,0
1251,182,0
1252,182,0
1253,182,0
1254,182,0
1255,182,0
1256,182,0
1257,182,0
1258,182,0
1259,182,0
1260,182,0
1261,182,0
1262,182,0
1263,182,0
1264,182,0
1265,182,0
1266,182,0
1267,182,0
1268,182,0
1269,182,0
1270,182,0
1271,182,0
1272,182,0
1273,182,0
1274,182,0
1275,182,0
1276,182,0
1277,182,0
1278,182,0
1279,182,0
1280,182,0
1281,182,0
1282,182,0
1283,182,0
1284,182,0
1285,182,0
1286,182,0
1287,182,0
1288,182,0
1289,182,0
1290,182,0
1291,182,0
1292,182,0
1293,182,0
1294,182,0
1295,182,0
1296,182,0
1297,182,0
1298,182,0
1299,182,0
1300,182,0
1301,182,0
1302,182,0
1303,182,0
1304,182,0
1305,182,0
1306,182,0
1307,182,0
1308,182,0
1309,182,0
1310,182,0
1311,182,0
1312,182,0
1313,182,0
1314,182,0
1315,182,0
1316,182,0
1317,182,0
1318,182,0
1319,182,0
1320,182,0
1321,182,0
1322,182,0
1323,182,0
1324,182,0
1325,182,0
1326,182,0
1327,182,0
1328,182,0
1329,182,0
1330,182,0
1331,182,0
1332,182,0
1333,182,0
1334,182,0
1335,182,0
1336,182,0
1337,182,0
1338,182,0
1339,182,0
1340,182,0
1341,182,0
1342,182,0
1343,182,0
1344,182,0
1345,182,0
1346,182,0
1347,182,0
1348,182,0
1349,182,0
1350,182,0
1351,182,0
1352,182,0
1353,182,0
1354,182,0
1355,182,0
1356,182,0
1357,182,0
1358,182,0
1359,182,0
1360,182,0
1361,182,0
1362,182,0
1363,182,0
1364,182,0
1365,182,0
1366,182,0
1367,182,0
1368,182,0
1369,182,0
1370,182,0
1371,182,0
1372,182,0
1373,182,0
1374,182,0
1375,182,0
1376,182,0
1377,182,0
1378,182,0
1379,182,0
1380,182,0
1381,182,0
1382,182,0
1383,182,0
1384,182,0
1385,182,0
1386,182,0
1387,182,0
1388,182,0
1389,182,0
1390,182,0
1391,182,0
1392,182,0
1393,182,0
1394,182,0
1395,182,0
1396,182,0
1397,182,0
1398,182,0
1399,182,0
1400,182,0
1401,182,0
1402,182,0
1403,182,0
1404,182,0
1405,182,0
1406,182,0
1407,182,0
1408,182,0
1409,182,0
1410,182,0
1411,182,0
1412,182,0
1413,182,0
1414,182,0
1415,182,0
1416,182,0
1417,182,0
1418,182,0
1419,182,0
1420,182,0
1421,182,0
1422,182,0
1423,182,0
1424,182,0
1425,182,0
1426,182,0
1427,182,0
1428,182,0
1429,182,0
1430,182,0
1431,182,0
1432,182,0
1433,182,0
1434,182,0
1435,182,0
1436,182,0
1437,182,0
1438,182,0
1439,182,0
1440,182,0
1441,182,0
1442,182,0
1443,182,0
1444,182,0
1445,182,0
1446,182,0
1447,182,0
1448,182,0
1449,182,0
1450,182,0
1451,182,0
1452,182,0
1453,182,0
1454,182,0
1455,182,0
1456,182,0
1457,182,0
1458,182,0
1459,182,0
1460,182,0
1461,182,0
1462,182,0
1463,182,0
1464,182,0
1465,182,0
1466,182,0
1467,182,0
1468,182,0
1469,182,0
1470,182,0
1471,182,0
1472,182,0
1473,182,0
1474,182,0
1475,182,0
1476,182,0
1477,182,0
1478,182,0
1479,182,0
1480,182,0
1481,182,0
1482,182,0
1483,182,0
1484,182,0
1485,182,0
1486,182,0
1487,182,0
1488,182,0
1489,182,0
1490,182,0
1491,182,0
1492,182,0
1493,182,0
1494,182,0
1495,182,0
1496,182,0
1497,182,0
1498,182,0
1499,182,0
1500,182,0
1501,182,0
1502,182,0
1503,182,0
1504,182,0
1505,182,0
1506,182,0
1507,182,0
1508,182,0
1509,182,0
1510,182,0
1511,182,0
1512,182,0
1513,182,0
1514,182,0
1515,182,0
1516,182,0
1517,182,0
1518,182,0
1519,182,0
1520,182,0
1521,182,0
1522,182,0
1523,182,0
1524,182,0
1525,182,0
1526,182,0
1527,182,0
1528,182,0
1529,182,0
1530,182,0
1531,182,0
1532,182,0
1533,182,0
1534,182,0
1535,182,0
1536,182,0
1537,182,0
1538,182,0
1539,182,0
1540,182,0
1541,182,0
1542,182,0
1543,182,0
1544,182,0
1545,182,0
1546,182,0
1547,182,0
1548,182,0
1549,182,0
1550,182,0
1551,203,0
1552,203,0
1553,203,0
1554,203,0
1555,203,0
1556,203,0
1557,203,0
1558,203,0
1559,203,0
1560,203,0
1561,203,0
1562,203,0
1563,203,0
1564,203,0
1565,203,0
1566,203,0
1567,203,0
1568,203,0
1569,203,0
1570,203,0
1571,203,0
1572,203,0
1573,203,0
1574,202,0
1575,202,0
1576,202,0
1577,202,0
1578,202,0
1579,202,0
1580,202,0
1581,202,0
1582,202,0
1583,201,0
1584,201,0
1585,200,0
1586,200,0
1587,200,0
1588,200,0
1589,200,0
1590,200,0
1591,200,0
1592,200,0
1593,199,0
1594,199,0
1595,199,0
1596,199,0
1597,199,0
1598,198,0
1599,198,0
1600,198,0
1601,222,0
1602,222,0
1603,222,0
1604,222,0
1605,222,0
1606,222,0
1607,222,0
1608,222,0
1609,222,0
1610,221,0
1611,221,0
1612,221,0
1613,221,0
1614,221,0
1615,221,0
1616,221,0
1617,221,0
1618,221,0
1619,221,0
1620,221,0
1621,221,0
1622,220,0
1623,220,0
1624,220,0
1625,220,0
1626,220,0
1627,220,0
1628,219,0
1629,219,0
1630,219,0
1631,219,0
1632,219,0
1633,219,0
1634,219,0
1635,219,0
1636,219,0
1637,219,0
1638,219,0
1639,219,0
1640,219,0
1641,219,0
1642,219,0
1643,219,0
1644,219,0
1645,219,0
1646,219,0
1647,218,0
1648,218,0
1649,218,0
1650,218,0
1651,240,0
1652,240,0
1653,240,0
1654,240,0
1655,240,0
1656,240,0
1657,239,0
1658,238,0
1659,238,0
1660,238,0
1661,238,0
1662,237,0
1663,237,0
1664,237,0
1665,237,0
1666,237,0
1667,237,0
1668,237,0
1669,236,0
1670,235,0
1671,235,0
1672,234,0
1673,234,0
1674,234,0
1675,234,0
1676,234,0
1677,234,0
1678,234,0
1679,234,0
1680,234,0
1681,234,0
1682,234,0
1683,234,0
1684,234,0
1685,234,0
1686,234,0
1687,234,0
1688,234,0
1689,233,0
1690,231,0
1691,230,0
1692,230,0
1693,230,0
1694,230,0
1695,230,0
1696,230,0
1697,230,0
1698,230,0
1699,230,0
1700,230,0
1701,248,0
1702,248,0
1703,248,0
1704,248,0
1705,248,0
1706,248,0
1707,248,0
1708,248,0
1709,248,0
1710,248,0
1711,248,0
1712,248,0
1713,248,0
1714,248,0
1715,247,0
1716,247,0
1717,247,0
1718,246,0
1719,246,0
1720,246,0
1721,246,0
1722,245,0
1723,243,0
1724,243,0
1725,243,0
1726,243,0
1727,243,0
1728,243,0
1729,243,0
1730,243,0
1731,243,0
1732,243,0
1733,242,0
1734,241,0
1735,241,0
1736,240,0
1737,240,0
1738,240,0
1739,240,0
1740,240,0
1741,240,0
1742,240,0
1743,240,0
1744,240,0
1745,239,0
1746,239,0
1747,239,0
1748,239,0
1749,239,0
1750,239,0
1751,261,0
1752,261,0
1753,261,0
1754,261,0
1755,261,0
1756,261,0
1757,261,0
1758,261,0
1759,261,0
1760,261,0
1761,261,0
1762,261,0
1763,261,0
1764,261,0
1765,259,0
1766,259,0
1767,259,0
1768,259,0
1769,259,0
1770,259,0
1771,259,0
1772,258,0
1773,258,0
1774,258,0
1775,258,0
1776,258,0
1777,258,0
1778,258,0
1779,258,0
1780,257,0
1781,256,0
1782,256,0
1783,255,0
1784,255,0
1785,254,0
1786,254,0
1787,254,0
1788,254,0
1789,254,0
1790,254,0
1791,253,0
1792,253,0
1793,253,0
1794,253,0
1795,253,0
1796,253,0
1797,253,0
1798,253,0
1799,253,0
1800,253,0
1801,274,0
1802,274,0
1803,274,0
1804,274,0
1805,274,0
1806,274,0
1807,274,0
1808,274,0
1809,273,0
1810,273,0
1811,273,0
1812,271,0
1813,270,0
1814,270,0
1815,270,0
1816,270,0
1817,270,0
1818,270,0
1819,270,0
1820,270,0
1821,270,0
1822,270,0
1823,270,0
1824,270,0
1825,270,0
1826,270,0
1827,269,0
1828,269,0
1829,269,0
1830,269,0
1831,268,0
1832,268,0
1833,268,0
1834,268,0
1835,268,0
1836,268,0
1837,267,0
1838,267,0
1839,267,0
1840,267,0
1841,267,0
1842,267,0
1843,267,0
1844,267,0
1845,267,0
1846,266,0
1847,266,0
1848,266,0
1849,266,0
1850,266,0
1851,283,0
1852,283,0
1853,283,0
1854,282,0
1855,282,0
1856,282,0
1857,282,0
1858,282,0
1859,282,0
1860,282,0
1861,282,0
1862,282,0
1863,281,0
1864,281,0
1865,281,0
1866,281,0
1867,281,0
1868,281,0
1869,281,0
1870,281,0
1871,281,0
1872,281,0
1873,281,0
1874,281,0
1875,281,0
1876,281,0
1877,280,0
1878,278,0
1879,278,0
1880,278,0
1881,278,0
1882,276,0
1883,276,0
1884,276,0
1885,276,0
1886,274,0
1887,274,0
1888,274,0
1889,274,0
1890,274,0
1891,274,0
1892,274,0
1893,274,0
1894,274,0
1895,274,0
1896,274,0
1897,274,0
1898,274,0
1899,274,0
1900,274,0
1901,296,0
1902,296,0
1903,296,0
1904,296,0
1905,296,0
1906,296,0
1907,294,0
1908,294,0
1909,294,0
1910,294,0
1911,294,0
1912,294,0
1913,293,0
1914,293,0
1915,293,0
1916,293,0
1917,293,0
1918,292,0
1919,292,0
1920,291,0
1921,291,0
1922,290,0
1923,288,0
1924,288,0
1925,288,0
1926,288,0
1927,288,0
1928,288,0
1929,287,0
1930,287,0
1931,287,0
1932,287,0
1933,287,0
1934,287,0
1935,287,0
1936,287,0
1937,286,0
1938,286,0
1939,286,0
1940,286,0
1941,286,0
1942,286,0
1943,286,0
1944,285,0
1945,285,0
1946,285,0
1947,285,0
1948,285,0
1949,284,0
1950,282,0
1951,299,0
1952,298,0
1953,298,0
1954,298,0
1955,298,0
1956,298,0
1957,297,0
1958,297,0
1959,297,0
1960,297,0
1961,297,0
1962,297,0
1963,297,0
1964,297,0
1965,297,0
1966,297,0
1967,297,0
1968,296,0
1969,296,0
1970,296,0
1971,296,0
1972,296,0
1973,296,0
1974,296,0
1975,296,0
1976,296,0
1977,296,0
1978,296,0
1979,296,0
1980,296,0
1981,296,0
1982,296,0
1983,296,0
1984,296,0
1985,296,0
1986,296,0
1987,296,0
1988,296,0
1989,296,0
1990,296,0
1991,296,0
1992,296,0
1993,296,0
1994,296,0
1995,296,0
1996,296,0
1997,296,0
1998,296,0
1999,296,0
2000,296,0
2001,325,0
2002,325,0
2003,325,0
2004,325,0
2005,325,0
2006,325,0
2007,325,0
2008,324,0
2009,324,0
2010,324,0
2011,324,0
2012,324,0
2013,324,0
2014,324,0
2015,324,0
2016,324,0
2017,324,0
2018,324,0
2019,324,0
2020,323,0
2021,322,0
2022,322,0
2023,322,0
2024,321,0
2025,319,0
2026,319,0
2027,318,0
2028,317,0
2029,317,0
2030,317,0
2031,317,0
2032,316,0
2033,316,0
2034,316,0
2035,316,0
2036,316,0
2037,316,0
2038,316,0
2039,316,0
2040,316,0
2041,315,0
2042,315,0
2043,315,0
2044,315,0
2045,314,0
2046,313,0
2047,313,0
2048,313,0
2049,313,0
2050,312,0
2051,333,0
2052,333,0
2053,333,0
2054,333,0
2055,333,0
2056,333,0
2057,333,0
2058,333,0
2059,333,0
2060,333,0
2061,332,0
2062,332,0
2063,332,0
2064,331,0
2065,331,0
2066,330,0
2067,330,0
2068,330,0
2069,329,0
2070,328,0
2071,328,0
2072,327,0
2073,327,0
2074,326,0
2075,326,0
2076,326,0
2077,326,0
2078,326,0
2079,325,0
2080,325,0
2081,325,0
2082,324,0
2083,323,0
2084,323,0
2085,323,0
2086,323,0
2087,323,0
2088,323,0
2089,322,0
2090,322,0
2091,321,0
2092,320,0
2093,319,0
2094,319,0
2095,319,0
2096,319,0
2097,319,0
2098,319,0
2099,319,0
2100,318,0
2101,340,0
2102,340,0
2103,340,0
2104,340,0
2105,340,0
2106,340,0
2107,340,0
2108,340,0
2109,340,0
2110,340,0
2111,338,0
2112,337,0
2113,337,0
2114,337,0
2115,337,0
2116,336,0
2117,336,0
2118,336,0
2119,336,0
2120,336,0
2121,336,0
2122,336,0
2123,336,0
2124,335,0
2125,335,0
2126,335,0
2127,335,0
2128,335,0
2129,334,0
2130,334,0
2131,334,0
2132,334,0
2133,333,0
2134,333,0
2135,333,0
2136,333,0
2137,333,0
2138,333,0
2139,333,0
2140,333,0
2141,333,0
2142,333,0
2143,331,0
2144,331,0
2145,331,0
2146,331,0
2147,331,0
2148,331,0
2149,331,0
2150,331,0
2151,347,0
2152,347,0
2153,347,0
2154,347,0
2155,347,0
2156,347,0
2157,347,0
2158,347,0
2159,347,0
2160,347,0
2161,346,0
2162,346,0
2163,346,0
2164,345,0
2165,345,0
2166,345,0
2167,345,0
2168,345,0
2169,345,0
2170,345,0
2171,344,0
2172,344,0
2173,344,0
2174,344,0
2175,344,0
2176,344,0
2177,344,0
2178,343,0
2179,343,0
2180,342,0
2181,342,0
2182,342,0
2183,342,0
2184,342,0
2185,342,0
2186,342,0
2187,342,0
2188,342,0
2189,341,0
2190,341,0
2191,341,0
2192,341,0
2193,341,0
2194,341,0
2195,341,0
2196,341,0
2197,341,0
2198,341,0
2199,341,0
2200,339,0
2201,359,0
2202,359,0
2203,359,0
2204,359,0
2205,359,0
2206,359,0
2207,359,0
2208,359,0
2209,356,0
2210,355,0
2211,355,0
2212,355,0
2213,355,0
2214,355,0
2215,355,0
2216,355,0
2217,355,0
2218,355,0
2219,355,0
2220,355,0
2221,355,0
2222,355,0
2223,355,0
2224,355,0
2225,355,0
2226,355,0
2227,354,0
2228,354,0
2229,353,0
2230,353,0
2231,352,0
2232,352,0
2233,351,0
2234,351,0
2235,351,0
2236,351,0
2237,351,0
2238,351,0
2239,351,0
2240,351,0
2241,351,0
2242,350,0
2243,350,0
2244,350,0
2245,350,0
2246,350,0
2247,349,0
2248,349,0
2249,349,0
2250,349,0
2251,368,0
2252,368,0
2253,367,0
2254,367,0
2255,367,0
2256,367,0
2257,367,0
2258,366,0
2259,366,0
2260,366,0
2261,365,0
2262,365,0
2263,365,0
2264,365,0
2265,365,0
2266,365,0
2267,364,0
2268,364,0
2269,364,0
2270,364,0
2271,363,0
2272,363,0
2273,361,0
2274,361,0
2275,361,0
2276,361,0
2277,361,0
2278,361,0
2279,361,0
2280,361,0
2281,361,0
2282,361,0
2283,360,0
2284,360,0
2285,360,0
2286,359,0
2287,359,0
2288,359,0
2289,359,0
2290,358,0
2291,358,0
2292,357,0
2293,356,0
2294,356,0
2295,356,0
2296,355,0
2297,355,0
2298,355,0
2299,355,0
2300,355,0
2301,355,0
2302,354,0
2303,354,0
2304,354,0
2305,354,0
2306,354,0
2307,353,0
2308,352,0
2309,352,0
2310,352,0
2311,352,0
2312,352,0
2313,352,0
2314,352,0
2315,352,0
2316,352,0
2317,352,0
2318,352,0
2319,352,0
2320,351,0
2321,351,0
2322,351,0
2323,351,0
2324,351,0
2325,350,0
2326,350,0
2327,350,0
2328,350,0
2329,349,0
2330,347,0
2331,347,0
2332,346,0
2333,345,0
2334,345,0
2335,344,0
2336,343,0
2337,342,0
2338,342,0
2339,342,0
2340,342,0
2341,342,0
2342,342,0
2343,342,0
2344,342,0
2345,342,0
2346,342,0
2347,342,0
2348,342,0
2349,342,0
2350,342,0
2351,342,0
2352,342,0
2353,342,0
2354,342,0
2355,342,0
2356,342,0
2357,342,0
2358,342,0
2359,342,0
2360,342,0
2361,342,0
2362,342,0
2363,342,0
2364,342,0
2365,342,0
2366,342,0
2367,342,0
2368,342,0
2369,342,0
2370,342,0
2371,342,0
2372,342,0
2373,342,0
2374,342,0
2375,342,0
2376,342,0
2377,342,0
2378,342,0
2379,342,0
2380,342,0
2381,342,0
2382,342,0
2383,342,0
2384,342,0
2385,342,0
2386,342,0
2387,342,0
2388,342,0
2389,342,0
2390,342,0
2391,342,0
2392,342,0
2393,342,0
2394,342,0
2395,342,0
2396,342,0
2397,342,0
2398,342,0
2399,342,0
2400,342,0
2401,342,0
2402,342,0
2403,342,0
2404,342,0
2405,342,0
2406,342,0
2407,342,0
2408,342,0
2409,342,0
2410,342,0
2411,342,0
2412,342,0
2413,342,0
2414,342,0
2415,342,0
2416,342,0
2417,342,0
2418,342,0
2419,342,0
2420,342,0
2421,342,0
2422,342,0
2423,342,0
2424,342,0
2425,342,0
2426,342,0
2427,342,0
2428,342,0
2429,342,0
2430,342,0
2431,342,0
2432,342,0
2433,342,0
2434,342,0
2435,342,0
2436,342,0
2437,342,0
2438,342,0
2439,342,0
2440,342,0
2441,342,0
2442,342,0
2443,342,0
2444,342,0
2445,342,0
2446,342,0
2447,342,0
2448,342,0
2449,342,0
2450,342,0
2451,342,0
2452,342,0
2453,342,0
2454,342,0
2455,342,0
2456,342,0
2457,342,0
2458,342,0
2459,342,0
2460,342,0
2461,342,0
2462,342,0
2463,342,0
2464,342,0
2465,342,0
2466,342,0
2467,342,0
2468,342,0
2469,342,0
2470,342,0
2471,342,0
2472,342,0
2473,342,0
2474,342,0
2475,342,0
2476,342,0
2477,342,0
2478,342,0
2479,342,0
2480,342,0
2481,342,0
2482,342,0
2483,342,0
2484,342,0
2485,342,0
2486,342,0
2487,342,0
2488,342,0
2489,342,0
2490,342,0
2491,342,0
2492,342,0
2493,342,0
2494,342,0
2495,342,0
2496,342,0
2497,342,0
2498,342,0
2499,342,0
2500,342,0
2501,342,0
2502,342,0
2503,342,0
2504,342,0
2505,342,0
2506,342,0
2507,342,0
2508,342,0
2509,342,0
2510,342,0
2511,342,0
2512,342,0
2513,342,0
2514,342,0
2515,342,0
2516,342,0
2517,342,0
2518,342,0
2519,342,0
2520,342,0
2521,342,0
2522,342,0
2523,342,0
2524,342,0
2525,342,0
2526,342,0
2527,342,0
2528,342,0
2529,342,0
2530,342,0
2531,342,0
2532,342,0
2533,342,0
2534,342,0
2535,342,0
2536,342,0
2537,342,0
2538,342,0
2539,342,0
2540,342,0
2541,342,0
2542,342,0
2543,342,0
2544,342,0
2545,342,0
2546,342,0
2547,342,0
2548,342,0
2549,342,0
2550,342,0
2551,342,0
2552,342,0
2553,342,0
2554,342,0
2555,342,0
2556,342,0
2557,342,0
2558,342,0
2559,342,0
2560,342,0
2561,342,0
2562,342,0
2563,342,0
2564,342,0
2565,342,0
2566,342,0
2567,342,0
2568,342,0
2569,342,0
2570,342,0
2571,342,0
2572,342,0
2573,342,0
2574,342,0
2575,342,0
2576,342,0
2577,342,0
2578,342,0
2579,342,0
2580,342,0
2581,342,0
2582,342,0
2583,342,0
2584,342,0
2585,342,0
2586,342,0
2587,342,0
2588,342,0
2589,342,0
2590,342,0
2591,342,0
2592,342,0
2593,342,0
2594,342,0
2595,342,0
2596,342,0
2597,342,0
2598,342,0
2599,342,0
2600,342,0
2601,342,0
2602,342,0
2603,342,0
2604,342,0
2605,342,0
2606,342,0
2607,342,0
2608,342,0
2609,342,0
2610,342,0
2611,342,0
2612,342,0
2613,342,0
2614,342,0
2615,342,0
2616,342,0
2617,342,0
2618,342,0
2619,342,0
2620,342,0
2621,342,0
2622,342,0
2623,342,0
2624,342,0
2625,342,0
2626,342,0
2627,342,0
2628,342,0
2629,342,0
2630,342,0
2631,342,0
2632,342,0
2633,342,0
2634,342,0
2635,342,0
2636,342,0
2637,342,0
2638,342,0
2639,342,0
2640,342,0
2641,342,0
2642,342,0
2643,342,0
2644,342,0
2645,342,0
2646,342,0
2647,342,0
2648,342,0
2649,342,0
2650,342,0
2651,342,0
2652,342,0
2653,342,0
2654,342,0
2655,342,0
2656,342,0
2657,342,0
2658,342,0
2659,342,0
2660,342,0
2661,342,0
2662,342,0
2663,342,0
2664,342,0
2665,342,0
2666,342,0
2667,342,0
2668,342,0
2669,342,0
2670,342,0
2671,342,0
2672,342,0
2673,342,0
2674,342,0
2675,342,0
2676,342,0
2677,342,0
2678,342,0
2679,342,0
2680,342,0
2681,342,0
2682,342,0
2683,342,0
2684,342,0
2685,342,0
2686,342,0
2687,342,0
2688,342,0
2689,342,0
2690,342,0
2691,342,0
2692,342,0
2693,342,0
2694,342,0
2695,342,0
2696,342,0
2697,342,0
2698,342,0
2699,342,0
2700,342,0
2701,342,0
2702,342,0
2703,342,0
2704,342,0
2705,342,0
2706,342,0
2707,342,0
2708,342,0
2709,342,0
2710,342,0
2711,342,0
2712,342,0
2713,342,0
2714,342,0
2715,342,0
2716,342,0
2717,342,0
2718,342,0
2719,342,0
2720,342,0
2721,342,0
2722,342,0
2723,342,0
2724,342,0
2725,342,0
2726,342,0
2727,342,0
2728,342,0
2729,342,0
2730,342,0
2731,339,0
2732,335,0
2733,333,0
2734,326,0
2735,322,0
2736,318,0
2737,314,0
2738,312,0
2739,307,0
2740,302,0
2741,299,0
2742,298,0
2743,296,0
2744,296,0
2745,295,0
2746,295,0
2747,295,0
2748,293,0
2749,293,0
2750,293,0
2751,310,0
2752,310,0
2753,310,0
2754,310,0
2755,309,0
2756,309,0
2757,309,0
2758,309,0
2759,309,0
2760,308,0
2761,307,0
2762,307,0
2763,307,0
2764,306,0
2765,306,0
2766,306,0
2767,306,0
2768,306,0
2769,306,0
2770,306,0
2771,306,0
2772,306,0
2773,306,0
2774,306,0
2775,306,0
2776,306,0
2777,306,0
2778,305,0
2779,305,0
2780,305,0
2781,305,0
2782,305,0
2783,303,0
2784,303,0
2785,302,0
2786,302,0
2787,302,0
2788,302,0
2789,302,0
2790,302,0
2791,302,0
2792,302,0
2793,302,0
2794,302,0
2795,302,0
2796,302,0
2797,302,0
2798,302,0
2799,302,0
2800,301,0
2801,319,0
2802,319,0
2803,319,0
2804,319,0
2805,319,0
2806,319,0
2807,319,0
2808,319,0
2809,319,0
2810,319,0
2811,319,0
2812,319,0
2813,319,0
2814,319,0
2815,319,0
2816,319,0
2817,318,0
2818,318,0
2819,318,0
2820,318,0
2821,318,0
2822,317,0
2823,317,0
2824,317,0
2825,316,0
2826,316,0
2827,316,0
2828,316,0
2829,316,0
2830,315,0
2831,313,0
2832,312,0
2833,310,0
2834,308,0
2835,306,0
2836,306,0
2837,305,0
2838,305,0
2839,302,0
2840,302,0
2841,302,0
2842,299,0
2843,298,0
2844,297,0
2845,296,0
2846,296,0
2847,296,0
2848,296,0
2849,296,0
2850,296,0
2851,311,0
2852,311,0
2853,311,0
2854,311,0
2855,310,0
2856,310,0
2857,310,0
2858,310,0
2859,310,0
2860,310,0
2861,310,0
2862,310,0
2863,309,0
2864,309,0
2865,309,0
2866,309,0
2867,309,0
2868,309,0
2869,309,0
2870,309,0
2871,309,0
2872,307,0
2873,307,0
2874,307,0
2875,307,0
2876,305,0
2877,305,0
2878,304,0
2879,304,0
2880,304,0
2881,304,0
2882,304,0
2883,304,0
2884,304,0
2885,304,0
2886,304,0
2887,303,0
2888,303,0
2889,303,0
2890,303,0
2891,303,0
2892,303,0
2893,303,0
2894,303,0
2895,302,0
2896,300,0
2897,297,0
2898,292,0
2899,291,0
2900,290,0
2901,312,0
2902,310,0
2903,309,0
2904,308,0
2905,307,0
2906,306,0
2907,305,0
2908,302,0
2909,300,0
2910,299,0
2911,299,0
2912,299,0
2913,299,0
2914,298,0
2915,298,0
2916,298,0
2917,298,0
2918,297,0
2919,297,0
2920,297,0
2921,297,0
2922,297,0
2923,297,0
2924,297,0
2925,297,0
2926,297,0
2927,297,0
2928,297,0
2929,296,0
2930,296,0
2931,296,0
2932,295,0
2933,295,0
2934,295,0
2935,295,0
2936,295,0
2937,295,0
2938,294,0
2939,294,0
2940,294,0
2941,293,0
2942,293,0
2943,293,0
2944,292,0
2945,291,0
2946,291,0
2947,291,0
2948,291,0
2949,291,0
2950,291,0
2951,311,0
2952,311,0
2953,311,0
2954,310,0
2955,310,0
2956,310,0
2957,310,0
2958,310,0
2959,309,0
2960,308,0
2961,308,0
2962,308,0
2963,308,0
2964,308,0
2965,308,0
2966,308,0
2967,308,0
2968,308,0
2969,308,0
2970,308,0
2971,308,0
2972,307,0
2973,307,0
2974,306,0
2975,306,0
2976,306,0
2977,306,0
2978,305,0
2979,305,0
2980,305,0
2981,305,0
2982,305,0
2983,304,0
2984,304,0
2985,304,0
2986,303,0
2987,303,0
2988,303,0
2989,303,0
2990,303,0
2991,303,0
2992,303,0
2993,303,0
2994,303,0
2995,303,0
2996,303,0
2997,303,0
2998,303,0
2999,303,0
3000,303,0
3001,320,0
3002,320,0
3003,320,0
3004,320,0
3005,320,0
3006,320,0
3007,320,0
3008,320,0
3009,320,0
3010,319,0
3011,319,0
3012,319,0
3013,319,0
3014,318,0
3015,318,0
3016,318,0
3017,318,0
3018,318,0
3019,318,0
3020,318,0
3021,318,0
3022,318,0
3023,317,0
3024,317,0
3025,317,0
3026,316,0
3027,316,0
3028,315,0
3029,315,0
3030,315,0
3031,315,0
3032,315,0
3033,315,0
3034,315,0
3035,315,0
3036,315,0
3037,313,0
3038,313,0
3039,313,0
3040,312,0
3041,312,0
3042,311,0
3043,311,0
3044,311,0
3045,311,0
3046,311,0
3047,311,0
3048,311,0
3049,311,0
3050,311,0
3051,330,0
3052,329,0
3053,329,0
3054,329,0
3055,329,0
3056,329,0
3057,329,0
3058,329,0
3059,329,0
3060,329,0
3061,329,0
3062,328,0
3063,328,0
3064,328,0
3065,328,0
3066,328,0
3067,328,0
3068,327,0
3069,327,0
3070,327,0
3071,326,0
3072,326,0
3073,326,0
3074,325,0
3075,324,0
3076,323,0
3077,323,0
3078,323,0
3079,323,0
3080,323,0
3081,323,0
3082,323,0
3083,323,0
3084,323,0
3085,323,0
3086,323,0
3087,323,0
3088,323,0
3089,323,0
3090,323,0
3091,323,0
3092,323,0
3093,323,0
3094,323,0
3095,323,0
3096,323,0
3097,323,0
3098,323,0
3099,323,0
3100,323,0
3101,338,0
3102,338,0
3103,338,0
3104,338,0
3105,338,0
3106,338,0
3107,338,0
3108,338,0
3109,338,0
3110,338,0
3111,337,0
3112,336,0
3113,336,0
3114,336,0
3115,336,0
3116,336,0
3117,336,0
3118,336,0
3119,336,0
3120,336,0
3121,336,0
3122,336,0
3123,335,0
3124,335,0
3125,335,0
3126,335,0
3127,335,0
3128,334,0
3129,334,0
3130,334,0
3131,333,0
3132,332,0
3133,332,0
3134,332,0
3135,332,0
3136,331,0
3137,331,0
3138,331,0
3139,331,0
3140,331,0
3141,331,0
3142,331,0
3143,331,0
3144,330,0
3145,330,0
3146,330,0
3147,330,0
3148,330,0
3149,330,0
3150,330,0
3151,351,0
3152,351,0
3153,351,0
3154,351,0
3155,351,0
3156,351,0
3157,351,0
3158,351,0
3159,351,0
3160,351,0
3161,351,0
3162,351,0
3163,351,0
3164,351,0
3165,350,0
3166,350,0
3167,350,0
3168,350,0
3169,350,0
3170,350,0
3171,349,0
3172,349,0
3173,349,0
3174,349,0
3175,349,0
3176,349,0
3177,348,0
3178,348,0
3179,346,0
3180,346,0
3181,345,0
3182,344,0
3183,343,0
3184,343,0
3185,343,0
3186,343,0
3187,343,0
3188,343,0
3189,343,0
3190,342,0
3191,342,0
3192,342,0
3193,342,0
3194,341,0
3195,341,0
3196,341,0
3197,341,0
3198,341,0
3199,341,0
3200,341,0
3201,356,0
3202,355,0
3203,355,0
3204,355,0
3205,355,0
3206,354,0
3207,354,0
3208,354,0
3209,354,0
3210,353,0
3211,353,0
3212,353,0
3213,353,0
3214,351,0
3215,350,0
3216,349,0
3217,349,0
3218,348,0
3219,348,0
3220,348,0
3221,348,0
3222,348,0
3223,346,0
3224,346,0
3225,346,0
3226,346,0
3227,345,0
3228,345,0
3229,344,0
3230,344,0
3231,344,0
3232,344,0
3233,344,0
3234,344,0
3235,344,0
3236,344,0
3237,344,0
3238,343,0
3239,343,0
3240,343,0
3241,343,0
3242,342,0
3243,342,0
3244,342,0
3245,342,0
3246,342,0
3247,341,0
3248,341,0
3249,341,0
3250,341,0
3251,363,0
3252,362,0
3253,361,0
3254,360,0
3255,360,0
3256,360,0
3257,359,0
3258,359,0
3259,359,0
3260,359,0
3261,358,0
3262,358,0
3263,358,0
3264,358,0
3265,358,0
3266,358,0
3267,357,0
3268,357,0
3269,357,0
3270,355,0
3271,354,0
3272,353,0
3273,353,0
3274,353,0
3275,353,0
3276,352,0
3277,352,0
3278,352,0
3279,351,0
3280,349,0
3281,347,0
3282,347,0
3283,346,0
3284,345,0
3285,343,0
3286,343,0
3287,343,0
3288,341,0
3289,341,0
3290,341,0
3291,341,0
3292,341,0
3293,341,0
3294,340,0
3295,339,0
3296,338,0
3297,338,0
3298,337,0
3299,337,0
3300,337,0
3301,351,0
3302,351,0
3303,350,0
3304,350,0
3305,350,0
3306,350,0
3307,350,0
3308,350,0
3309,350,0
3310,350,0
3311,350,0
3312,350,0
3313,350,0
3314,349,0
3315,348,0
3316,347,0
3317,347,0
3318,347,0
3319,347,0
3320,347,0
3321,347,0
3322,346,0
3323,346,0
3324,346,0
3325,346,0
3326,345,0
3327,344,0
3328,344,0
3329,344,0
3330,343,0
3331,343,0
3332,343,0
3333,342,0
3334,342,0
3335,342,0
3336,342,0
3337,342,0
3338,342,0
3339,341,0
3340,340,0
3341,339,0
3342,339,0
3343,339,0
3344,338,0
3345,338,0
3346,338,0
3347,337,0
3348,336,0
3349,336,0
3350,336,0
3351,356,0
3352,356,0
3353,355,0
3354,354,0
3355,354,0
3356,353,0
3357,353,0
3358,353,0
3359,353,0
3360,352,0
3361,350,0
3362,350,0
3363,350,0
3364,347,0
3365,347,0
3366,346,0
3367,345,0
3368,345,0
3369,345,0
3370,345,0
3371,345,0
3372,344,0
3373,344,0
3374,343,0
3375,342,0
3376,342,0
3377,342,0
3378,342,0
3379,340,0
3380,340,0
3381,340,0
3382,340,0
3383,339,0
3384,339,0
3385,339,0
3386,339,0
3387,338,0
3388,338,0
3389,338,0
3390,338,0
3391,338,0
3392,338,0
3393,338,0
3394,338,0
3395,338,0
3396,338,0
3397,338,0
3398,338,0
3399,338,0
3400,338,0
3401,353,0
3402,353,0
3403,353,0
3404,353,0
3405,352,0
3406,352,0
3407,352,0
3408,352,0
3409,352,0
3410,352,0
3411,352,0
3412,352,0
3413,351,0
3414,351,0
3415,351,0
3416,350,0
3417,350,0
3418,350,0
3419,350,0
3420,350,0
3421,350,0
3422,348,0
3423,347,0
3424,346,0
3425,345,0
3426,345,0
3427,345,0
3428,345,0
3429,345,0
3430,344,0
3431,344,0
3432,343,0
3433,343,0
3434,343,0
3435,343,0
3436,343,0
3437,343,0
3438,343,0
3439,343,0
3440,343,0
3441,342,0
3442,342,0
3443,342,0
3444,341,0
3445,340,0
3446,340,0
3447,340,0
3448,339,0
3449,339,0
3450,339,0
3451,355,0
3452,355,0
3453,355,0
3454,355,0
3455,355,0
3456,355,0
3457,354,0
3458,354,0
3459,354,0
3460,354,0
3461,354,0
3462,354,0
3463,354,0
3464,354,0
3465,354,0
3466,354,0
3467,353,0
3468,353,0
3469,353,0
3470,353,0
3471,353,0
3472,350,0
3473,350,0
3474,350,0
3475,350,0
3476,350,0
3477,350,0
3478,350,0
3479,350,0
3480,350,0
3481,348,0
3482,348,0
3483,348,0
3484,347,0
3485,346,0
3486,344,0
3487,344,0
3488,344,0
3489,344,0
3490,344,0
3491,344,0
3492,344,0
3493,344,0
3494,344,0
3495,344,0
3496,343,0
3497,343,0
3498,343,0
3499,343,0
3500,342,0
3501,342,0
3502,342,0
3503,342,0
3504,342,0
3505,342,0
3506,342,0
3507,342,0
3508,341,0
3509,341,0
3510,341,0
3511,341,0
3512,341,0
3513,341,0
3514,341,0
3515,341,0
3516,341,0
3517,341,0
3518,341,0
3519,338,0
3520,338,0
3521,337,0
3522,337,0
3523,337,0
3524,337,0
3525,337,0
3526,337,0
3527,337,0
3528,337,0
3529,337,0
3530,336,0
3531,335,0
3532,335,0
3533,335,0
3534,335,0
3535,335,0
3536,335,0
3537,334,0
3538,334,0
3539,333,0
3540,333,0
3541,333,0
3542,332,0
3543,332,0
3544,332,0
3545,332,0
3546,332,0
3547,332,0
3548,331,0
3549,331,0
3550,331,0
3551,331,0
3552,331,0
3553,331,0
3554,331,0
3555,331,0
3556,331,0
3557,331,0
3558,330,0
3559,330,0
3560,330,0
3561,330,0
3562,330,0
3563,330,0
3564,330,0
3565,330,0
3566,330,0
3567,330,0
3568,330,0
3569,330,0
3570,330,0
3571,330,0
3572,330,0
3573,330,0
3574,330,0
3575,330,0
3576,330,0
3577,330,0
3578,330,0
3579,330,0
3580,330,0
3581,330,0
3582,330,0
3583,330,0
3584,330,0
3585,330,0
3586,330,0
3587,330,0
3588,330,0
3589,330,0
3590,330,0
3591,330,0
3592,330,0
3593,330,0
3594,330,0
3595,330,0
3596,330,0
3597,330,0
3598,330,0
3599,330,0
3600,330,0
3601,330,0
3602,330,0
3603,330,0
3604,330,0
3605,330,0
3606,330,0
3607,330,0
3608,330,0
3609,330,0
3610,330,0
3611,330,0
3612,330,0
3613,330,0
3614,330,0
3615,330,0
3616,330,0
3617,330,0
3618,330,0
3619,330,0
3620,330,0
3621,330,0
3622,330,0
3623,330,0
3624,330,0
3625,330,0
3626,330,0
3627,330,0
3628,330,0
3629,330,0
3630,330,0
3631,330,0
3632,330,0
3633,330,0
3634,330,0
3635,330,0
3636,330,0
3637,330,0
3638,330,0
3639,330,0
3640,330,0
3641,330,0
3642,330,0
3643,330,0
3644,330,0
3645,330,0
3646,330,0
3647,330,0
3648,330,0
3649,330,0
3650,330,0
3651,330,0
3652,330,0
3653,330,0
3654,330,0
3655,330,0
3656,330,0
3657,330,0
3658,330,0
3659,330,0
3660,330,0
3661,330,0
3662,330,0
3663,330,0
3664,330,0
3665,330,0
3666,330,0
3667,330,0
3668,330,0
3669,330,0
3670,330,0
3671,330,0
3672,330,0
3673,330,0
3674,330,0
3675,330,0
3676,330,0
3677,330,0
3678,330,0
3679,330,0
3680,330,0
3681,330,0
3682,330,0
3683,330,0
3684,330,0
3685,330,0
3686,330,0
3687,330,0
3688,330,0
3689,330,0
3690,330,0
3691,330,0
3692,330,0
3693,330,0
3694,330,0
3695,330,0
3696,330,0
3697,330,0
3698,330,0
3699,330,0
3700,330,0
3701,330,0
3702,330,0
3703,330,0
3704,330,0
3705,330,0
3706,330,0
3707,330,0
3708,330,0
3709,330,0
3710,330,0
3711,330,0
3712,330,0
3713,330,0
3714,330,0
3715,330,0
3716,330,0
3717,330,0
3718,330,0
3719,330,0
3720,330,0
3721,330,0
3722,330,0
3723,330,0
3724,330,0
3725,330,0
3726,330,0
3727,330,0
3728,330,0
3729,330,0
3730,330,0
3731,330,0
3732,330,0
3733,330,0
3734,330,0
3735,330,0
3736,330,0
3737,330,0
3738,330,0
3739,330,0
3740,330,0
3741,330,0
3742,330,0
3743,330,0
3744,330,0
3745,330,0
3746,330,0
3747,330,0
3748,330,0
3749,330,0
3750,330,0
3751,330,0
3752,330,0
3753,330,0
3754,330,0
3755,330,0
3756,330,0
3757,330,0
3758,330,0
3759,330,0
3760,330,0
3761,330,0
3762,330,0
3763,330,0
3764,330,0
3765,330,0
3766,330,0
3767,330,0
3768,330,0
3769,330,0
3770,330,0
3771,330,0
3772,330,0
3773,330,0
3774,330,0
3775,330,0
3776,330,0
3777,330,0
3778,330,0
3779,330,0
3780,330,0
3781,330,0
3782,330,0
3783,330,0
3784,330,0
3785,330,0
3786,330,0
3787,330,0
3788,330,0
3789,330,0
3790,330,0
3791,330,0
3792,330,0
3793,330,0
3794,330,0
3795,330,0
3796,330,0
3797,330,0
3798,330,0
3799,330,0
3800,330,0
3801,330,0
3802,330,0
3803,330,0
3804,330,0
3805,330,0
3806,330,0
3807,330,0
3808,330,0
3809,330,0
3810,330,0
3811,330,0
3812,330,0
3813,330,0
3814,330,0
3815,330,0
3816,330,0
3817,330,0
3818,330,0
3819,330,0
3820,330,0
3821,330,0
3822,330,0
3823,330,0
3824,330,0
3825,330,0
3826,330,0
3827,330,0
3828,330,0
3829,330,0
3830,330,0
3831,330,0
3832,330,0
3833,330,0
3834,330,0
3835,330,0
3836,330,0
3837,330,0
3838,330,0
3839,330,0
3840,330,0
3841,330,0
3842,330,0
3843,330,0
3844,330,0
3845,330,0
3846,330,0
3847,330,0
3848,330,0
3849,330,0
3850,330,0
3851,330,0
3852,330,0
3853,330,0
3854,330,0
3855,330,0
3856,330,0
3857,330,0
3858,330,0
3859,330,0
3860,330,0
3861,330,0
3862,330,0
3863,330,0
3864,330,0
3865,330,0
3866,330,0
3867,330,0
3868,330,0
3869,330,0
3870,330,0
3871,330,0
3872,330,0
3873,330,0
3874,330,0
3875,330,0
3876,330,0
3877,330,0
3878,330,0
3879,330,0
3880,330,0
3881,330,0
3882,330,0
3883,330,0
3884,330,0
3885,330,0
3886,330,0
3887,330,0
3888,330,0
3889,330,0
3890,330,0
3891,330,0
3892,330,0
3893,330,0
3894,330,0
3895,330,0
3896,330,0
3897,330,0
3898,330,0
3899,330,0
3900,330,0
3901,330,0
3902,330,0
3903,330,0
3904,330,0
3905,330,0
3906,330,0
3907,330,0
3908,330,0
3909,330,0
3910,330,0
3911,330,0
3912,330,0
3913,330,0
3914,330,0
3915,330,0
3916,330,0
3917,330,0
3918,330,0
3919,330,0
3920,330,0
3921,330,0
3922,330,0
3923,330,0
3924,330,0
3925,330,0
3926,330,0
3927,330,0
3928,330,0
3929,330,0
3930,330,0
3931,326,0
3932,322,0
3933,317,0
3934,308,0
3935,296,0
3936,294,0
3937,290,0
3938,285,0
3939,280,0
3940,279,0
3941,278,0
3942,278,0
3943,275,0
3944,274,0
3945,274,0
3946,274,0
3947,274,0
3948,272,0
3949,272,0
3950,272,0
3951,297,0
3952,297,0
3953,296,0
3954,296,0
3955,296,0
3956,296,0
3957,296,0
3958,296,0
3959,296,0
3960,296,0
3961,296,0
3962,296,0
3963,295,0
3964,295,0
3965,295,0
3966,295,0
3967,295,0
3968,295,0
3969,295,0
3970,295,0
3971,295,0
3972,294,0
3973,294,0
3974,294,0
3975,291,0
3976,291,0
3977,291,0
3978,291,0
3979,291,0
3980,291,0
3981,291,0
3982,291,0
3983,290,0
3984,290,0
3985,289,0
3986,289,0
3987,289,0
3988,289,0
3989,289,0
3990,289,0
3991,289,0
3992,289,0
3993,289,0
3994,289,0
3995,289,0
3996,289,0
3997,289,0
3998,288,0
3999,288,0
4000,288,0
4001,306,0
4002,306,0
4003,306,0
4004,306,0
4005,306,0
4006,305,0
4007,305,0
4008,305,0
4009,305,0
4010,304,0
4011,304,0
4012,304,0
4013,303,0
4014,302,0
4015,301,0
4016,301,0
4017,301,0
4018,301,0
4019,301,0
4020,301,0
4021,301,0
4022,301,0
4023,300,0
4024,300,0
4025,300,0
4026,300,0
4027,300,0
4028,300,0
4029,299,0
4030,299,0
4031,295,0
4032,293,0
4033,291,0
4034,290,0
4035,290,0
4036,290,0
4037,289,0
4038,289,0
4039,289,0
4040,288,0
4041,287,0
4042,287,0
4043,287,0
4044,285,0
4045,285,0
4046,285,0
4047,284,0
4048,284,0
4049,284,0
4050,284,0
4051,303,0
4052,303,0
4053,303,0
4054,303,0
4055,303,0
4056,303,0
4057,303,0
4058,303,0
4059,303,0
4060,302,0
4061,302,0
4062,302,0
4063,301,0
4064,301,0
4065,301,0
4066,301,0
4067,301,0
4068,301,0
4069,301,0
4070,301,0
4071,301,0
4072,301,0
4073,301,0
4074,300,0
4075,300,0
4076,299,0
4077,299,0
4078,299,0
4079,299,0
4080,298,0
4081,298,0
4082,298,0
4083,298,0
4084,298,0
4085,298,0
4086,298,0
4087,298,0
4088,298,0
4089,298,0
4090,298,0
4091,298,0
4092,298,0
4093,295,0
4094,294,0
4095,291,0
4096,287,0
4097,283,0
4098,282,0
4099,282,0
4100,281,0
4101,292,0
4102,290,0
4103,289,0
4104,289,0
4105,289,0
4106,289,0
4107,287,0
4108,286,0
4109,283,0
4110,283,0
4111,283,0
4112,283,0
4113,283,0
4114,283,0
4115,283,0
4116,283,0
4117,281,0
4118,281,0
4119,281,0
4120,281,0
4121,280,0
4122,280,0
4123,280,0
4124,280,0
4125,280,0
4126,280,0
4127,280,0
4128,280,0
4129,279,0
4130,279,0
4131,278,0
4132,278,0
4133,278,0
4134,278,0
4135,278,0
4136,278,0
4137,278,0
4138,278,0
4139,278,0
4140,278,0
4141,278,0
4142,277,0
4143,277,0
4144,277,0
4145,277,0
4146,277,0
4147,277,0
4148,277,0
4149,277,0
4150,277,0
4151,302,0
4152,302,0
4153,302,0
4154,302,0
4155,302,0
4156,302,0
4157,302,0
4158,302,0
4159,302,0
4160,302,0
4161,302,0
4162,302,0
4163,301,0
4164,301,0
4165,301,0
4166,301,0
4167,301,0
4168,301,0
4169,301,0
4170,301,0
4171,301,0
4172,301,0
4173,300,0
4174,300,0
4175,300,0
4176,300,0
4177,300,0
4178,299,0
4179,299,0
4180,298,0
4181,298,0
4182,298,0
4183,298,0
4184,298,0
4185,298,0
4186,298,0
4187,298,0
4188,297,0
4189,297,0
4190,296,0
4191,296,0
4192,296,0
4193,295,0
4194,295,0
4195,295,0
4196,295,0
4197,295,0
4198,295,0
4199,295,0
4200,295,0
4201,308,0
4202,308,0
4203,308,0
4204,308,0
4205,308,0
4206,308,0
4207,307,0
4208,307,0
4209,307,0
4210,307,0
4211,307,0
4212,306,0
4213,306,0
4214,306,0
4215,306,0
4216,306,0
4217,306,0
4218,306,0
4219,306,0
4220,306,0
4221,305,0
4222,304,0
4223,303,0
4224,303,0
4225,302,0
4226,302,0
4227,302,0
4228,300,0
4229,300,0
4230,300,0
4231,300,0
4232,300,0
4233,299,0
4234,299,0
4235,299,0
4236,299,0
4237,299,0
4238,299,0
4239,299,0
4240,299,0
4241,299,0
4242,299,0
4243,299,0
4244,299,0
4245,298,0
4246,298,0
4247,298,0
4248,298,0
4249,298,0
4250,298,0
4251,320,0
4252,320,0
4253,320,0
4254,319,0
4255,319,0
4256,319,0
4257,319,0
4258,319,0
4259,318,0
4260,318,0
4261,318,0
4262,318,0
4263,318,0
4264,318,0
4265,318,0
4266,318,0
4267,317,0
4268,317,0
4269,317,0
4270,317,0
4271,317,0
4272,316,0
4273,316,0
4274,316,0
4275,316,0
4276,316,0
4277,316,0
4278,315,0
4279,315,0
4280,315,0
4281,315,0
4282,315,0
4283,315,0
4284,315,0
4285,314,0
4286,314,0
4287,314,0
4288,314,0
4289,314,0
4290,313,0
4291,313,0
4292,313,0
4293,313,0
4294,313,0
4295,313,0
4296,313,0
4297,313,0
4298,313,0
4299,313,0
4300,313,0
4301,326,0
4302,326,0
4303,325,0
4304,325,0
4305,325,0
4306,325,0
4307,325,0
4308,325,0
4309,325,0
4310,325,0
4311,325,0
4312,324,0
4313,324,0
4314,324,0
4315,324,0
4316,324,0
4317,324,0
4318,324,0
4319,323,0
4320,323,0
4321,323,0
4322,323,0
4323,323,0
4324,322,0
4325,322,0
4326,322,0
4327,322,0
4328,322,0
4329,322,0
4330,322,0
4331,322,0
4332,322,0
4333,320,0
4334,320,0
4335,320,0
4336,320,0
4337,320,0
4338,320,0
4339,320,0
4340,320,0
4341,320,0
4342,320,0
4343,320,0
4344,320,0
4345,320,0
4346,320,0
4347,320,0
4348,319,0
4349,319,0
4350,319,0
4351,337,0
4352,337,0
4353,336,0
4354,336,0
4355,336,0
4356,336,0
4357,334,0
4358,334,0
4359,334,0
4360,333,0
4361,333,0
4362,333,0
4363,332,0
4364,332,0
4365,332,0
4366,332,0
4367,332,0
4368,329,0
4369,329,0
4370,329,0
4371,328,0
4372,327,0
4373,327,0
4374,327,0
4375,327,0
4376,327,0
4377,327,0
4378,327,0
4379,327,0
4380,327,0
4381,325,0
4382,325,0
4383,325,0
4384,325,0
4385,324,0
4386,324,0
4387,324,0
4388,324,0
4389,323,0
4390,323,0
4391,323,0
4392,323,0
4393,323,0
4394,322,0
4395,322,0
4396,322,0
4397,322,0
4398,322,0
4399,322,0
4400,322,0
4401,336,0
4402,336,0
4403,336,0
4404,336,0
4405,336,0
4406,336,0
4407,336,0
4408,336,0
4409,335,0
4410,335,0
4411,334,0
4412,334,0
4413,333,0
4414,333,0
4415,333,0
4416,333,0
4417,333,0
4418,333,0
4419,332,0
4420,332,0
4421,331,0
4422,331,0
4423,331,0
4424,331,0
4425,330,0
4426,329,0
4427,328,0
4428,326,0
4429,326,0
4430,324,0
4431,324,0
4432,324,0
4433,324,0
4434,324,0
4435,323,0
4436,323,0
4437,323,0
4438,323,0
4439,322,0
4440,322,0
4441,322,0
4442,322,0
4443,321,0
4444,321,0
4445,320,0
4446,320,0
4447,320,0
4448,320,0
4449,319,0
4450,319,0
4451,339,0
4452,339,0
4453,339,0
4454,339,0
4455,339,0
4456,337,0
4457,337,0
4458,336,0
4459,336,0
4460,336,0
4461,335,0
4462,334,0
4463,333,0
4464,333,0
4465,333,0
4466,332,0
4467,332,0
4468,332,0
4469,332,0
4470,332,0
4471,332,0
4472,332,0
4473,332,0
4474,332,0
4475,332,0
4476,332,0
4477,331,0
4478,331,0
4479,331,0
4480,331,0
4481,330,0
4482,330,0
4483,330,0
4484,329,0
4485,327,0
4486,327,0
4487,327,0
4488,327,0
4489,326,0
4490,326,0
4491,326,0
4492,325,0
4493,325,0
4494,325,0
4495,324,0
4496,324,0
4497,324,0
4498,323,0
4499,323,0
4500,323,0
4501,341,0
4502,341,0
4503,341,0
4504,341,0
4505,341,0
4506,340,0
4507,340,0
4508,340,0
4509,340,0
4510,338,0
4511,337,0
4512,336,0
4513,335,0
4514,335,0
4515,335,0
4516,334,0
4517,334,0
4518,333,0
4519,333,0
4520,333,0
4521,333,0
4522,331,0
4523,330,0
4524,330,0
4525,330,0
4526,330,0
4527,330,0
4528,330,0
4529,330,0
4530,330,0
4531,330,0
4532,329,0
4533,327,0
4534,327,0
4535,326,0
4536,325,0
4537,325,0
4538,324,0
4539,324,0
4540,324,0
4541,323,0
4542,323,0
4543,320,0
4544,320,0
4545,319,0
4546,319,0
4547,319,0
4548,319,0
4549,319,0
4550,319,0
4551,337,0
4552,337,0
4553,337,0
4554,337,0
4555,337,0
4556,336,0
4557,335,0
4558,335,0
4559,335,0
4560,335,0
4561,335,0
4562,335,0
4563,334,0
4564,334,0
4565,334,0
4566,333,0
4567,332,0
4568,332,0
4569,332,0
4570,331,0
4571,331,0
4572,331,0
4573,331,0
4574,330,0
4575,330,0
4576,330,0
4577,330,0
4578,329,0
4579,328,0
4580,328,0
4581,327,0
4582,325,0
4583,325,0
4584,324,0
4585,324,0
4586,324,0
4587,324,0
4588,324,0
4589,323,0
4590,323,0
4591,323,0
4592,323,0
4593,323,0
4594,323,0
4595,323,0
4596,322,0
4597,322,0
4598,322,0
4599,322,0
4600,322,0
4601,342,0
4602,342,0
4603,342,0
4604,342,0
4605,342,0
4606,341,0
4607,341,0
4608,341,0
4609,339,0
4610,339,0
4611,339,0
4612,337,0
4613,337,0
4614,336,0
4615,335,0
4616,335,0
4617,334,0
4618,334,0
4619,334,0
4620,334,0
4621,334,0
4622,333,0
4623,333,0
4624,333,0
4625,333,0
4626,333,0
4627,332,0
4628,331,0
4629,331,0
4630,331,0
4631,331,0
4632,331,0
4633,331,0
4634,330,0
4635,329,0
4636,329,0
4637,329,0
4638,329,0
4639,329,0
4640,329,0
4641,329,0
4642,329,0
4643,327,0
4644,327,0
4645,327,0
4646,327,0
4647,327,0
4648,326,0
4649,326,0
4650,325,0
4651,346,0
4652,345,0
4653,345,0
4654,345,0
4655,345,0
4656,345,0
4657,345,0
4658,345,0
4659,345,0
4660,345,0
4661,345,0
4662,345,0
4663,345,0
4664,345,0
4665,345,0
4666,343,0
4667,343,0
4668,343,0
4669,343,0
4670,342,0
4671,342,0
4672,342,0
4673,342,0
4674,340,0
4675,339,0
4676,339,0
4677,337,0
4678,337,0
4679,336,0
4680,335,0
4681,335,0
4682,335,0
4683,335,0
4684,335,0
4685,335,0
4686,335,0
4687,335,0
4688,333,0
4689,332,0
4690,332,0
4691,332,0
4692,332,0
4693,332,0
4694,332,0
4695,331,0
4696,331,0
4697,330,0
4698,330,0
4699,330,0
4700,330,0
4701,330,0
4702,330,0
4703,330,0
4704,330,0
4705,330,0
4706,330,0
4707,330,0
4708,329,0
4709,329,0
4710,329,0
4711,328,0
4712,328,0
4713,328,0
4714,328,0
4715,328,0
4716,327,0
4717,327,0
4718,327,0
4719,326,0
4720,326,0
4721,326,0
4722,326,0
4723,326,0
4724,325,0
4725,325,0
4726,325,0
4727,325,0
4728,325,0
4729,325,0
4730,325,0
4731,324,0
4732,324,0
4733,324,0
4734,324,0
4735,324,0
4736,324,0
4737,324,0
4738,324,0
4739,324,0
4740,324,0
4741,324,0
4742,324,0
4743,323,0
4744,323,0
4745,323,0
4746,323,0
4747,323,0
4748,323,0
4749,323,0
4750,323,0
4751,323,0
4752,323,0
4753,323,0
4754,323,0
4755,323,0
4756,323,0
4757,323,0
4758,323,0
4759,323,0
4760,323,0
4761,323,0
4762,323,0
4763,323,0
4764,323,0
4765,323,0
4766,323,0
4767,323,0
4768,323,0
4769,323,0
4770,323,0
4771,322,0
4772,322,0
4773,322,0
4774,322,0
4775,322,0
4776,322,0
4777,322,0
4778,322,0
4779,322,0
4780,322,0
4781,322,0
4782,322,0
4783,322,0
4784,322,0
4785,322,0
4786,322,0
4787,322,0
4788,322,0
4789,322,0
4790,322,0
4791,322,0
4792,322,0
4793,322,0
4794,322,0
4795,322,0
4796,322,0
4797,322,0
4798,322,0
4799,322,0
4800,322,0
4801,322,0
4802,322,0
4803,322,0
4804,322,0
4805,322,0
4806,322,0
4807,322,0
4808,322,0
4809,322,0
4810,322,0
4811,322,0
4812,322,0
4813,322,0
4814,322,0
4815,322,0
4816,322,0
4817,322,0
4818,322,0
4819,322,0
4820,322,0
4821,322,0
4822,322,0
4823,322,0
4824,322,0
4825,322,0
4826,322,0
4827,322,0
4828,322,0
4829,322,0
4830,322,0
4831,322,0
4832,322,0
4833,322,0
4834,322,0
4835,322,0
4836,322,0
4837,322,0
4838,322,0
4839,322,0
4840,322,0
4841,322,0
4842,322,0
4843,322,0
4844,322,0
4845,322,0
4846,322,0
4847,322,0
4848,322,0
4849,322,0
4850,322,0
4851,322,0
4852,322,0
4853,322,0
4854,322,0
4855,322,0
4856,322,0
4857,322,0
4858,322,0
4859,322,0
4860,322,0
4861,322,0
4862,322,0
4863,322,0
4864,322,0
4865,322,0
4866,322,0
4867,322,0
4868,322,0
4869,322,0
4870,322,0
4871,322,0
4872,322,0
4873,322,0
4874,322,0
4875,322,0
4876,322,0
4877,322,0
4878,322,0
4879,322,0
4880,322,0
4881,322,0
4882,322,0
4883,322,0
4884,322,0
4885,322,0
4886,322,0
4887,322,0
4888,322,0
4889,322,0
4890,322,0
4891,322,0
4892,322,0
4893,322,0
4894,322,0
4895,322,0
4896,322,0
4897,322,0
4898,322,0
4899,322,0
4900,322,0
4901,322,0
4902,322,0
4903,322,0
4904,322,0
4905,322,0
4906,322,0
4907,322,0
4908,322,0
4909,322,0
4910,322,0
4911,322,0
4912,322,0
4913,322,0
4914,322,0
4915,322,0
4916,322,0
4917,322,0
4918,322,0
4919,322,0
4920,322,0
4921,322,0
4922,322,0
4923,322,0
4924,322,0
4925,322,0
4926,322,0
4927,322,0
4928,322,0
4929,322,0
4930,322,0
4931,322,0
4932,322,0
4933,322,0
4934,322,0
4935,322,0
4936,322,0
4937,322,0
4938,322,0
4939,322,0
4940,322,0
4941,322,0
4942,322,0
4943,322,0
4944,322,0
4945,322,0
4946,322,0
4947,322,0
4948,322,0
4949,322,0
4950,322,0
4951,322,0
4952,322,0
4953,322,0
4954,322,0
4955,322,0
4956,322,0
4957,322,0
4958,322,0
4959,322,0
4960,322,0
4961,322,0
4962,322,0
4963,322,0
4964,322,0
4965,322,0
4966,322,0
4967,322,0
4968,322,0
4969,322,0
4970,322,0
4971,322,0
4972,322,0
4973,322,0
4974,322,0
4975,322,0
4976,322,0
4977,322,0
4978,322,0
4979,322,0
4980,322,0
4981,322,0
4982,322,0
4983,322,0
4984,322,0
4985,322,0
4986,322,0
4987,322,0
4988,322,0
4989,322,0
4990,322,0
4991,322,0
4992,322,0
4993,322,0
4994,322,0
4995,322,0
4996,322,0
4997,322,0
4998,322,0
4999,322,0
5000,322,0
5001,322,0
5002,322,0
5003,322,0
5004,322,0
5005,322,0
5006,322,0
5007,322,0
5008,322,0
5009,322,0
5010,322,0
5011,322,0
5012,322,0
5013,322,0
5014,322,0
5015,322,0
5016,322,0
5017,322,0
5018,322,0
5019,322,0
5020,322,0
5021,322,0
5022,322,0
5023,322,0
5024,322,0
5025,322,0
5026,322,0
5027,322,0
5028,322,0
5029,322,0
5030,322,0
5031,322,0
5032,322,0
5033,322,0
5034,322,0
5035,322,0
5036,322,0
5037,322,0
5038,322,0
5039,322,0
5040,322,0
5041,322,0
5042,322,0
5043,322,0
5044,322,0
5045,322,0
5046,322,0
5047,322,0
5048,322,0
5049,322,0
5050,322,0
5051,322,0
5052,322,0
5053,322,0
5054,322,0
5055,322,0
5056,322,0
5057,322,0
5058,322,0
5059,322,0
5060,322,0
5061,322,0
5062,322,0
5063,322,0
5064,322,0
5065,322,0
5066,322,0
5067,322,0
5068,322,0
5069,322,0
5070,322,0
5071,322,0
5072,322,0
5073,322,0
5074,322,0
5075,322,0
5076,322,0
5077,322,0
5078,322,0
5079,322,0
5080,322,0
5081,322,0
5082,322,0
5083,322,0
5084,322,0
5085,322,0
5086,322,0
5087,322,0
5088,322,0
5089,322,0
5090,322,0
5091,322,0
5092,322,0
5093,322,0
5094,322,0
5095,322,0
5096,322,0
5097,322,0
5098,322,0
5099,322,0
5100,322,0
5101,322,0
5102,322,0
5103,322,0
5104,322,0
5105,322,0
5106,322,0
5107,322,0
5108,322,0
5109,322,0
5110,322,0
5111,322,0
5112,322,0
5113,322,0
5114,322,0
5115,322,0
5116,322,0
5117,322,0
5118,322,0
5119,322,0
5120,322,0
5121,322,0
5122,322,0
5123,322,0
5124,322,0
5125,322,0
5126,322,0
5127,322,0
5128,322,0
5129,322,0
5130,322,0
5131,317,0
5132,316,0
5133,314,0
5134,309,0
5135,304,0
5136,301,0
5137,299,0
5138,293,0
5139,290,0
5140,282,0
5141,280,0
5142,279,0
5143,278,0
5144,278,0
5145,278,0
5146,278,0
5147,278,0
5148,278,0
5149,277,0
5150,276,0
5151,293,0
5152,292,0
5153,292,0
5154,292,0
5155,292,0
5156,292,0
5157,292,0
5158,292,0
5159,292,0
5160,292,0
5161,292,0
5162,292,0
5163,292,0
5164,292,0
5165,292,0
5166,292,0
5167,292,0
5168,291,0
5169,291,0
5170,291,0
5171,290,0
5172,290,0
5173,290,0
5174,290,0
5175,290,0
5176,290,0
5177,290,0
5178,290,0
5179,290,0
5180,290,0
5181,290,0
5182,290,0
5183,290,0
5184,289,0
5185,289,0
5186,289,0
5187,289,0
5188,289,0
5189,289,0
5190,289,0
5191,289,0
5192,289,0
5193,289,0
5194,289,0
5195,289,0
5196,289,0
5197,289,0
5198,289,0
5199,289,0
5200,289,0
5201,321,0
5202,320,0
5203,320,0
5204,320,0
5205,320,0
5206,320,0
5207,320,0
5208,320,0
5209,320,0
5210,320,0
5211,319,0
5212,319,0
5213,319,0
5214,319,0
5215,319,0
5216,318,0
5217,317,0
5218,315,0
5219,315,0
5220,315,0
5221,315,0
5222,315,0
5223,313,0
5224,313,0
5225,313,0
5226,313,0
5227,313,0
5228,313,0
5229,313,0
5230,312,0
5231,311,0
5232,309,0
5233,309,0
5234,309,0
5235,304,0
5236,303,0
5237,302,0
5238,302,0
5239,302,0
5240,301,0
5241,300,0
5242,300,0
5243,299,0
5244,299,0
5245,298,0
5246,298,0
5247,297,0
5248,297,0
5249,297,0
5250,296,0
5251,316,0
5252,315,0
5253,315,0
5254,314,0
5255,313,0
5256,313,0
5257,313,0
5258,313,0
5259,312,0
5260,312,0
5261,312,0
5262,311,0
5263,310,0
5264,310,0
5265,309,0
5266,309,0
5267,309,0
5268,309,0
5269,309,0
5270,309,0
5271,309,0
5272,309,0
5273,307,0
5274,307,0
5275,307,0
5276,307,0
5277,307,0
5278,307,0
5279,306,0
5280,305,0
5281,305,0
5282,305,0
5283,304,0
5284,304,0
5285,304,0
5286,304,0
5287,304,0
5288,304,0
5289,303,0
5290,303,0
5291,301,0
5292,300,0
5293,298,0
5294,297,0
5295,296,0
5296,292,0
5297,290,0
5298,288,0
5299,288,0
5300,287,0
5301,306,0
5302,305,0
5303,304,0
5304,303,0
5305,301,0
5306,301,0
5307,300,0
5308,299,0
5309,298,0
5310,296,0
5311,295,0
5312,294,0
5313,294,0
5314,294,0
5315,294,0
5316,294,0
5317,294,0
5318,294,0
5319,293,0
5320,293,0
5321,293,0
5322,292,0
5323,291,0
5324,291,0
5325,290,0
5326,289,0
5327,289,0
5328,289,0
5329,289,0
5330,289,0
5331,288,0
5332,288,0
5333,288,0
5334,288,0
5335,287,0
5336,287,0
5337,287,0
5338,287,0
5339,287,0
5340,286,0
5341,286,0
5342,286,0
5343,286,0
5344,286,0
5345,286,0
5346,286,0
5347,286,0
5348,286,0
5349,286,0
5350,286,0
5351,309,0
5352,309,0
5353,308,0
5354,308,0
5355,308,0
5356,308,0
5357,308,0
5358,308,0
5359,308,0
5360,308,0
5361,308,0
5362,308,0
5363,308,0
5364,308,0
5365,308,0
5366,306,0
5367,304,0
5368,304,0
5369,304,0
5370,304,0
5371,304,0
5372,304,0
5373,304,0
5374,304,0
5375,303,0
5376,303,0
5377,303,0
5378,302,0
5379,302,0
5380,301,0
5381,301,0
5382,299,0
5383,299,0
5384,299,0
5385,299,0
5386,299,0
5387,298,0
5388,298,0
5389,298,0
5390,298,0
5391,298,0
5392,298,0
5393,297,0
5394,297,0
5395,297,0
5396,297,0
5397,297,0
5398,297,0
5399,297,0
5400,297,0
5401,315,0
5402,315,0
5403,315,0
5404,315,0
5405,315,0
5406,315,0
5407,315,0
5408,315,0
5409,315,0
5410,315,0
5411,315,0
5412,315,0
5413,315,0
5414,315,0
5415,315,0
5416,315,0
5417,315,0
5418,315,0
5419,315,0
5420,314,0
5421,314,0
5422,314,0
5423,314,0
5424,314,0
5425,314,0
5426,314,0
5427,314,0
5428,314,0
5429,314,0
5430,313,0
5431,313,0
5432,310,0
5433,309,0
5434,309,0
5435,309,0
5436,309,0
5437,309,0
5438,309,0
5439,309,0
5440,309,0
5441,309,0
5442,309,0
5443,309,0
5444,308,0
5445,308,0
5446,308,0
5447,308,0
5448,308,0
5449,307,0
5450,307,0
5451,328,0
5452,327,0
5453,327,0
5454,327,0
5455,327,0
5456,327,0
5457,327,0
5458,327,0
5459,327,0
5460,327,0
5461,327,0
5462,327,0
5463,326,0
5464,326,0
5465,326,0
5466,326,0
5467,325,0
5468,325,0
5469,325,0
5470,325,0
5471,325,0
5472,325,0
5473,325,0
5474,325,0
5475,325,0
5476,325,0
5477,325,0
5478,325,0
5479,325,0
5480,325,0
5481,325,0
5482,325,0
5483,323,0
5484,323,0
5485,323,0
5486,323,0
5487,322,0
5488,322,0
5489,322,0
5490,321,0
5491,321,0
5492,321,0
5493,321,0
5494,321,0
5495,321,0
5496,321,0
5497,321,0
5498,321,0
5499,321,0
5500,321,0
5501,342,0
5502,342,0
5503,342,0
5504,341,0
5505,341,0
5506,341,0
5507,341,0
5508,341,0
5509,340,0
5510,340,0
5511,340,0
5512,340,0
5513,340,0
5514,340,0
5515,340,0
5516,340,0
5517,339,0
5518,339,0
5519,339,0
5520,339,0
5521,339,0
5522,339,0
5523,339,0
5524,339,0
5525,339,0
5526,339,0
5527,338,0
5528,337,0
5529,337,0
5530,337,0
5531,337,0
5532,336,0
5533,336,0
5534,336,0
5535,336,0
5536,336,0
5537,336,0
5538,336,0
5539,335,0
5540,335,0
5541,334,0
5542,334,0
5543,333,0
5544,333,0
5545,333,0
5546,333,0
5547,333,0
5548,333,0
5549,333,0
5550,332,0
5551,348,0
5552,348,0
5553,348,0
5554,348,0
5555,348,0
5556,348,0
5557,348,0
5558,348,0
5559,348,0
5560,347,0
5561,347,0
5562,347,0
5563,347,0
5564,347,0
5565,347,0
5566,347,0
5567,347,0
5568,347,0
5569,347,0
5570,347,0
5571,347,0
5572,347,0
5573,346,0
5574,346,0
5575,345,0
5576,345,0
5577,345,0
5578,345,0
5579,345,0
5580,345,0
5581,345,0
5582,345,0
5583,345,0
5584,345,0
5585,345,0
5586,344,0
5587,344,0
5588,344,0
5589,343,0
5590,342,0
5591,342,0
5592,342,0
5593,342,0
5594,342,0
5595,342,0
5596,341,0
5597,341,0
5598,341,0
5599,341,0
5600,341,0
5601,356,0
5602,356,0
5603,356,0
5604,355,0
5605,355,0
5606,354,0
5607,354,0
5608,354,0
5609,353,0
5610,353,0
5611,353,0
5612,353,0
5613,352,0
5614,352,0
5615,352,0
5616,352,0
5617,352,0
5618,352,0
5619,351,0
5620,351,0
5621,351,0
5622,351,0
5623,351,0
5624,350,0
5625,349,0
5626,348,0
5627,347,0
5628,346,0
5629,346,0
5630,346,0
5631,346,0
5632,345,0
5633,345,0
5634,345,0
5635,345,0
5636,345,0
5637,344,0
5638,343,0
5639,343,0
5640,343,0
5641,343,0
5642,343,0
5643,343,0
5644,342,0
5645,341,0
5646,341,0
5647,341,0
5648,341,0
5649,341,0
5650,339,0
5651,358,0
5652,358,0
5653,358,0
5654,358,0
5655,358,0
5656,358,0
5657,357,0
5658,357,0
5659,356,0
5660,356,0
5661,356,0
5662,355,0
5663,355,0
5664,355,0
5665,354,0
5666,353,0
5667,353,0
5668,351,0
5669,351,0
5670,351,0
5671,350,0
5672,349,0
5673,349,0
5674,348,0
5675,348,0
5676,347,0
5677,347,0
5678,347,0
5679,347,0
5680,347,0
5681,347,0
5682,346,0
5683,346,0
5684,346,0
5685,345,0
5686,342,0
5687,342,0
5688,342,0
5689,342,0
5690,340,0
5691,339,0
5692,338,0
5693,338,0
5694,338,0
5695,337,0
5696,337,0
5697,337,0
5698,337,0
5699,336,0
5700,335,0
5701,353,0
5702,353,0
5703,353,0
5704,353,0
5705,353,0
5706,352,0
5707,352,0
5708,352,0
5709,352,0
5710,352,0
5711,352,0
5712,352,0
5713,352,0
5714,352,0
5715,352,0
5716,352,0
5717,350,0
5718,350,0
5719,350,0
5720,350,0
5721,350,0
5722,350,0
5723,350,0
5724,350,0
5725,348,0
5726,348,0
5727,348,0
5728,347,0
5729,347,0
5730,347,0
5731,347,0
5732,347,0
5733,347,0
5734,347,0
5735,347,0
5736,347,0
5737,344,0
5738,344,0
5739,344,0
5740,344,0
5741,343,0
5742,343,0
5743,342,0
5744,342,0
5745,342,0
5746,342,0
5747,342,0
5748,340,0
5749,339,0
5750,339,0
5751,355,0
5752,355,0
5753,355,0
5754,355,0
5755,355,0
5756,355,0
5757,354,0
5758,354,0
5759,354,0
5760,353,0
5761,352,0
5762,352,0
5763,352,0
5764,352,0
5765,351,0
5766,351,0
5767,351,0
5768,350,0
5769,350,0
5770,350,0
5771,350,0
5772,350,0
5773,350,0
5774,349,0
5775,349,0
5776,349,0
5777,349,0
5778,348,0
5779,348,0
5780,348,0
5781,348,0
5782,348,0
5783,348,0
5784,348,0
5785,347,0
5786,347,0
5787,347,0
5788,346,0
5789,346,0
5790,345,0
5791,344,0
5792,344,0
5793,344,0
5794,344,0
5795,344,0
5796,344,0
5797,344,0
5798,344,0
5799,343,0
5800,342,0
5801,362,0
5802,362,0
5803,362,0
5804,362,0
5805,361,0
5806,361,0
5807,359,0
5808,359,0
5809,359,0
5810,359,0
5811,359,0
5812,359,0
5813,359,0
5814,359,0
5815,359,0
5816,359,0
5817,359,0
5818,359,0
5819,359,0
5820,359,0
5821,359,0
5822,359,0
5823,358,0
5824,357,0
5825,357,0
5826,356,0
5827,356,0
5828,355,0
5829,355,0
5830,354,0
5831,354,0
5832,352,0
5833,351,0
5834,351,0
5835,351,0
5836,351,0
5837,351,0
5838,351,0
5839,350,0
5840,350,0
5841,350,0
5842,350,0
5843,350,0
5844,350,0
5845,350,0
5846,350,0
5847,350,0
5848,350,0
5849,350,0
5850,349,0
5851,368,0
5852,368,0
5853,368,0
5854,368,0
5855,368,0
5856,368,0
5857,367,0
5858,367,0
5859,367,0
5860,367,0
5861,367,0
5862,367,0
5863,367,0
5864,366,0
5865,366,0
5866,365,0
5867,364,0
5868,364,0
5869,363,0
5870,363,0
5871,363,0
5872,363,0
5873,362,0
5874,360,0
5875,360,0
5876,360,0
5877,360,0
5878,359,0
5879,359,0
5880,359,0
5881,359,0
5882,358,0
5883,357,0
5884,357,0
5885,357,0
5886,357,0
5887,356,0
5888,356,0
5889,356,0
5890,356,0
5891,355,0
5892,352,0
5893,352,0
5894,352,0
5895,352,0
5896,352,0
5897,352,0
5898,352,0
5899,352,0
5900,352,0
5901,352,0
5902,352,0
5903,352,0
5904,352,0
5905,352,0
5906,352,0
5907,352,0
5908,352,0
5909,352,0
5910,352,0
5911,352,0
5912,352,0
5913,352,0
5914,352,0
5915,352,0
5916,352,0
5917,352,0
5918,351,0
5919,351,0
5920,351,0
5921,351,0
5922,350,0
5923,350,0
5924,350,0
5925,350,0
5926,350,0
5927,350,0
5928,350,0
5929,350,0
5930,350,0
5931,350,0
5932,350,0
5933,350,0
5934,350,0
5935,350,0
5936,349,0
5937,349,0
5938,349,0
5939,349,0
5940,349,0
5941,349,0
5942,349,0
5943,349,0
5944,349,0
5945,349,0
5946,348,0
5947,348,0
5948,348,0
5949,348,0
5950,348,0
5951,348,0
5952,348,0
5953,348,0
5954,348,0
5955,348,0
5956,348,0
5957,348,0
5958,347,0
5959,347,0
5960,347,0
5961,347,0
5962,347,0
5963,347,0
5964,347,0
5965,347,0
5966,347,0
5967,347,0
5968,347,0
5969,347,0
5970,346,0
5971,346,0
5972,346,0
5973,346,0
5974,346,0
5975,346,0
5976,346,0
5977,346,0
5978,346,0
5979,346,0
5980,346,0
5981,346,0
5982,346,0
5983,346,0
5984,346,0
5985,346,0
5986,346,0
5987,346,0
5988,346,0
5989,346,0
5990,346,0
5991,346,0
5992,346,0
5993,346,0
5994,346,0
5995,346,0
5996,346,0
5997,346,0
5998,346,0
5999,346,0
6000,346,0
6001,346,0
6002,346,0
6003,345,0
6004,345,0
6005,345,0
6006,345,0
6007,345,0
6008,345,0
6009,345,0
6010,345,0
6011,345,0
6012,345,0
6013,345,0
6014,345,0
6015,345,0
6016,345,0
6017,345,0
6018,345,0
6019,345,0
6020,345,0
6021,345,0
6022,345,0
6023,345,0
6024,345,0
6025,345,0
6026,345,0
6027,345,0
6028,345,0
6029,345,0
6030,345,0
6031,345,0
6032,345,0
6033,345,0
6034,345,0
6035,345,0
6036,345,0
6037,345,0
6038,345,0
6039,345,0
6040,345,0
6041,345,0
6042,345,0
6043,345,0
6044,345,0
6045,345,0
6046,345,0
6047,345,0
6048,345,0
6049,345,0
6050,345,0
6051,345,0
6052,345,0
6053,345,0
6054,345,0
6055,345,0
6056,345,0
6057,345,0
6058,345,0
6059,345,0
6060,345,0
6061,345,0
6062,345,0
6063,345,0
6064,345,0
6065,345,0
6066,345,0
6067,345,0
6068,345,0
6069,345,0
6070,345,0
6071,345,0
6072,345,0
6073,345,0
6074,345,0
6075,345,0
6076,345,0
6077,345,0
6078,345,0
6079,345,0
6080,345,0
6081,345,0
6082,345,0
6083,345,0
6084,345,0
6085,345,0
6086,345,0
6087,345,0
6088,345,0
6089,345,0
6090,345,0
6091,345,0
6092,345,0
6093,345,0
6094,345,0
6095,345,0
6096,345,0
6097,345,0
6098,345,0
6099,345,0
6100,345,0
6101,345,0
6102,345,0
6103,345,0
6104,345,0
6105,345,0
6106,345,0
6107,345,0
6108,345,0
6109,345,0
6110,345,0
6111,345,0
6112,345,0
6113,345,0
6114,345,0
6115,345,0
6116,345,0
6117,345,0
6118,345,0
6119,345,0
6120,345,0
6121,345,0
6122,345,0
6123,345,0
6124,345,0
6125,345,0
6126,345,0
6127,345,0
6128,345,0
6129,345,0
6130,345,0
6131,345,0
6132,345,0
6133,345,0
6134,345,0
6135,345,0
6136,345,0
6137,345,0
6138,345,0
6139,345,0
6140,345,0
6141,345,0
6142,345,0
6143,345,0
6144,345,0
6145,345,0
6146,345,0
6147,345,0
6148,345,0
6149,345,0
6150,345,0
6151,345,0
6152,345,0
6153,345,0
6154,345,0
6155,345,0
6156,345,0
6157,345,0
6158,345,0
6159,345,0
6160,345,0
6161,345,0
6162,345,0
6163,345,0
6164,345,0
6165,345,0
6166,345,0
6167,345,0
6168,345,0
6169,345,0
6170,345,0
6171,345,0
6172,345,0
6173,345,0
6174,345,0
6175,345,0
6176,345,0
6177,345,0
6178,345,0
6179,345,0
6180,345,0
6181,345,0
6182,345,0
6183,345,0
6184,345,0
6185,345,0
6186,345,0
6187,345,0
6188,345,0
6189,345,0
6190,345,0
6191,345,0
6192,345,0
6193,345,0
6194,345,0
6195,345,0
6196,345,0
6197,345,0
6198,345,0
6199,345,0
6200,345,0
6201,345,0
6202,345,0
6203,345,0
6204,345,0
6205,345,0
6206,345,0
6207,345,0
6208,345,0
6209,345,0
6210,345,0
6211,345,0
6212,345,0
6213,345,0
6214,345,0
6215,345,0
6216,345,0
6217,345,0
6218,345,0
6219,345,0
6220,345,0
6221,345,0
6222,345,0
6223,345,0
6224,345,0
6225,345,0
6226,345,0
6227,345,0
6228,345,0
6229,345,0
6230,345,0
6231,345,0
6232,345,0
6233,345,0
6234,345,0
6235,345,0
6236,345,0
6237,345,0
6238,345,0
6239,345,0
6240,345,0
6241,345,0
6242,345,0
6243,345,0
6244,345,0
6245,345,0
6246,345,0
6247,345,0
6248,345,0
6249,345,0
6250,345,0
6251,345,0
6252,345,0
6253,345,0
6254,345,0
6255,345,0
6256,345,0
6257,345,0
6258,345,0
6259,345,0
6260,345,0
6261,345,0
6262,345,0
6263,345,0
6264,345,0
6265,345,0
6266,345,0
6267,345,0
6268,345,0
6269,345,0
6270,345,0
6271,345,0
6272,345,0
6273,345,0
6274,345,0
6275,345,0
6276,345,0
6277,345,0
6278,345,0
6279,345,0
6280,345,0
6281,345,0
6282,345,0
6283,345,0
6284,345,0
6285,345,0
6286,345,0
6287,345,0
6288,345,0
6289,345,0
6290,345,0
6291,345,0
6292,345,0
6293,345,0
6294,345,0
6295,345,0
6296,345,0
6297,345,0
6298,345,0
6299,345,0
6300,345,0
6301,345,0
6302,345,0
6303,345,0
6304,345,0
6305,345,0
6306,345,0
6307,345,0
6308,345,0
6309,345,0
6310,345,0
6311,345,0
6312,345,0
6313,345,0
6314,345,0
6315,345,0
6316,345,0
6317,345,0
6318,345,0
6319,345,0
6320,345,0
6321,345,0
6322,345,0
6323,345,0
6324,345,0
6325,345,0
6326,345,0
6327,345,0
6328,345,0
6329,345,0
6330,345,0
6331,345,0
6332,344,0
6333,338,0
6334,332,0
6335,331,0
6336,324,0
6337,320,0
6338,314,0
6339,311,0
6340,311,0
6341,307,0
6342,306,0
6343,306,0
6344,305,0
6345,304,0
6346,303,0
6347,302,0
6348,302,0
6349,302,0
6350,302,0
6351,317,0
6352,317,0
6353,316,0
6354,316,0
6355,316,0
6356,316,0
6357,316,0
6358,316,0
6359,316,0
6360,316,0
6361,316,0
6362,316,0
6363,316,0
6364,316,0
6365,315,0
6366,315,0
6367,315,0
6368,315,0
6369,315,0
6370,315,0
6371,315,0
6372,315,0
6373,315,0
6374,315,0
6375,314,0
6376,314,0
6377,314,0
6378,314,0
6379,312,0
6380,311,0
6381,311,0
6382,311,0
6383,311,0
6384,311,0
6385,311,0
6386,311,0
6387,311,0
6388,311,0
6389,311,0
6390,311,0
6391,311,0
6392,311,0
6393,311,0
6394,311,0
6395,311,0
6396,311,0
6397,311,0
6398,311,0
6399,310,0
6400,310,0
6401,329,0
6402,329,0
6403,329,0
6404,329,0
6405,329,0
6406,329,0
6407,329,0
6408,329,0
6409,329,0
6410,329,0
6411,329,0
6412,329,0
6413,329,0
6414,329,0
6415,329,0
6416,329,0
6417,329,0
6418,329,0
6419,328,0
6420,328,0
6421,328,0
6422,326,0
6423,325,0
6424,325,0
6425,325,0
6426,325,0
6427,325,0
6428,325,0
6429,324,0
6430,323,0
6431,323,0
6432,321,0
6433,321,0
6434,320,0
6435,320,0
6436,319,0
6437,318,0
6438,318,0
6439,318,0
6440,317,0
6441,317,0
6442,316,0
6443,316,0
6444,316,0
6445,316,0
6446,316,0
6447,315,0
6448,314,0
6449,313,0
6450,313,0
6451,329,0
6452,329,0
6453,329,0
6454,329,0
6455,329,0
6456,329,0
6457,329,0
6458,329,0
6459,329,0
6460,329,0
6461,329,0
6462,329,0
6463,329,0
6464,329,0
6465,329,0
6466,329,0
6467,329,0
6468,329,0
6469,329,0
6470,329,0
6471,329,0
6472,329,0
6473,329,0
6474,329,0
6475,328,0
6476,328,0
6477,328,0
6478,328,0
6479,328,0
6480,328,0
6481,328,0
6482,328,0
6483,328,0
6484,328,0
6485,328,0
6486,328,0
6487,328,0
6488,328,0
6489,328,0
6490,327,0
6491,326,0
6492,326,0
6493,326,0
6494,326,0
6495,323,0
6496,323,0
6497,321,0
6498,319,0
6499,315,0
6500,315,0
6501,330,0
6502,329,0
6503,326,0
6504,325,0
6505,324,0
6506,322,0
6507,317,0
6508,317,0
6509,316,0
6510,315,0
6511,315,0
6512,314,0
6513,314,0
6514,313,0
6515,313,0
6516,312,0
6517,311,0
6518,311,0
6519,311,0
6520,311,0
6521,311,0
6522,311,0
6523,311,0
6524,310,0
6525,310,0
6526,310,0
6527,310,0
6528,310,0
6529,310,0
6530,310,0
6531,310,0
6532,310,0
6533,310,0
6534,309,0
6535,309,0
6536,309,0
6537,309,0
6538,309,0
6539,309,0
6540,309,0
6541,308,0
6542,308,0
6543,308,0
6544,307,0
6545,307,0
6546,306,0
6547,306,0
6548,306,0
6549,306,0
6550,306,0
6551,321,0
6552,321,0
6553,321,0
6554,321,0
6555,321,0
6556,321,0
6557,321,0
6558,321,0
6559,321,0
6560,321,0
6561,320,0
6562,320,0
6563,320,0
6564,320,0
6565,320,0
6566,320,0
6567,320,0
6568,320,0
6569,320,0
6570,320,0
6571,320,0
6572,320,0
6573,320,0
6574,320,0
6575,320,0
6576,320,0
6577,320,0
6578,319,0
6579,319,0
6580,318,0
6581,318,0
6582,318,0
6583,318,0
6584,318,0
6585,318,0
6586,318,0
6587,318,0
6588,318,0
6589,317,0
6590,317,0
6591,317,0
6592,316,0
6593,316,0
6594,316,0
6595,316,0
6596,316,0
6597,316,0
6598,316,0
6599,316,0
6600,316,0
6601,334,0
6602,334,0
6603,334,0
6604,334,0
6605,334,0
6606,334,0
6607,334,0
6608,334,0
6609,332,0
6610,332,0
6611,332,0
6612,332,0
6613,331,0
6614,331,0
6615,331,0
6616,331,0
6617,331,0
6618,331,0
6619,331,0
6620,330,0
6621,330,0
6622,330,0
6623,330,0
6624,330,0
6625,330,0
6626,330,0
6627,330,0
6628,330,0
6629,330,0
6630,329,0
6631,329,0
6632,329,0
6633,329,0
6634,329,0
6635,328,0
6636,327,0
6637,327,0
6638,327,0
6639,327,0
6640,326,0
6641,326,0
6642,326,0
6643,326,0
6644,325,0
6645,325,0
6646,325,0
6647,325,0
6648,325,0
6649,325,0
6650,325,0
6651,336,0
6652,336,0
6653,336,0
6654,336,0
6655,336,0
6656,336,0
6657,336,0
6658,336,0
6659,336,0
6660,336,0
6661,335,0
6662,334,0
6663,334,0
6664,334,0
6665,334,0
6666,333,0
6667,333,0
6668,333,0
6669,333,0
6670,333,0
6671,333,0
6672,333,0
6673,333,0
6674,333,0
6675,333,0
6676,333,0
6677,333,0
6678,333,0
6679,333,0
6680,333,0
6681,333,0
6682,333,0
